"Angebote";"Visits gesamt";"Visits gesamt Inland";"Visits gesamt Anteil Inland";"Visits gesamt Ausland";"online Visits gesamt";"online Visits Inland";"online Visits Ausland";"mobile Visits gesamt";"mobile Visits Inland";"mobile Visits Ausland";"Connected TV Visits gesamt";"Connected TV Visits Inland";"Connected TV Visits Ausland";
"1&1 Internet AG ";;;;;;;;;;;;;;




"104.6rtl.com";512.421;473.901;92 %;38.520;202.291;187.880;14.411;310.130;286.021;24.109;;;;




"107.7 Radio Hagen";93.415;90.859;97 %;2.556;93.415;90.859;2.556;;;;;;;

"11freunde.de";2.278.245;2.034.371;89 %;243.874;726.402;643.635;82.767;1.551.843;1.390.736;161.107;;;;




"321kochen.tv";108.867;88.359;81 %;20.508;108.867;88.359;20.508;;;;;;;

"4Trips";352.381;282.801;80 %;69.580;352.381;282.801;69.580;;;;;;;

"4Wheel Fun";3.585;2.701;75 %;884;;;;3.585;2.701;884;;;;


"7TV.de";2.309.396;2.284.779;99 %;24.617;603.092;593.352;9.740;1.706.304;1.691.427;14.877;;;;



"89.0 RTL";115.907;111.580;96 %;4.327;41.707;38.923;2.784;74.200;72.657;1.543;;;;


"90min";6.451.443;5.553.764;86 %;897.679;5.965.357;5.078.904;886.453;486.086;474.860;11.226;;;;



":K k-magazin";14.489;11.890;82 %;2.599;14.489;11.890;2.599;;;;;;;

"Aachener Zeitung";2.505.267;2.314.162;92 %;191.105;1.105.330;997.914;107.416;1.399.937;1.316.248;83.689;;;;


"Abendzeitung München";6.982.780;6.351.914;91 %;630.866;3.130.952;2.803.105;327.847;3.851.828;3.548.809;303.019;;;;




"Absatzwirtschaft-Online";172.423;151.661;88 %;20.762;172.423;151.661;20.762;;;;;;;

"AD Magazin";998.317;847.165;85 %;151.152;998.317;847.165;151.152;;;;;;;

"Ärzte Zeitung Online";1.561.443;1.377.151;88 %;184.292;940.239;823.766;116.473;621.204;553.385;67.819;;;;


"agrarheute.com";1.738.492;1.521.017;87 %;217.475;1.264.127;1.111.319;152.808;474.365;409.698;64.667;;;;


"agrarzeitung | online";236.162;210.912;89 %;25.250;219.896;196.751;23.145;16.266;14.161;2.105;;;;


"ahgz.de - Allgemeine Hotel- und Gastronomie-Zeitung";592.825;510.409;86 %;82.416;592.825;510.409;82.416;;;;;;;

"Aichacher Zeitung Online";49.781;44.513;89 %;5.268;49.781;44.513;5.268;;;;;;;

"airliners.de Luftverkehrs-Branchenportal";849.421;701.523;83 %;147.898;849.421;701.523;147.898;;;;;;;

"Airport Nürnberg";283.184;255.174;90 %;28.010;283.184;255.174;28.010;;;;;;;

"AIS-Online";135.721;118.742;87 %;16.979;135.721;118.742;16.979;;;;;;;

"All-Electronics.de";83.861;65.209;78 %;18.652;83.861;65.209;18.652;;;;;;;

"Allgäuer Zeitung Onlineangebot";588.587;554.467;94 %;34.120;588.587;554.467;34.120;;;;;;;

"Allgemeine BäckerZeitung (ABZ)";55.794;47.799;86 %;7.995;55.794;47.799;7.995;;;;;;;

"Allgemeine Zeitung";175.101;162.184;93 %;12.917;86.215;76.556;9.659;88.886;85.628;3.258;;;;


"Allgemeine Zeitung Uelzen Online";756.875;716.693;95 %;40.182;362.426;337.882;24.544;394.449;378.811;15.638;;;;


"Alpin";210.764;140.789;67 %;69.975;116.190;78.359;37.831;94.574;62.430;32.144;;;;


"amicella";4.828.260;4.077.925;84 %;750.335;4.828.260;4.077.925;750.335;;;;;;;

"Amorelie";1.336.493;1.250.847;94 %;85.646;1.336.493;1.250.847;85.646;;;;;;;

"AndroidPIT";2.579.816;2.226.919;86 %;352.897;1.221.446;1.037.725;183.721;1.358.370;1.189.194;169.176;;;;


"ANTENNE 1";248.470;236.262;95 %;12.208;248.470;236.262;12.208;;;;;;;

"Antenne AC";72.484;68.956;95 %;3.528;72.484;68.956;3.528;;;;;;;

"Antenne Bayern";2.658.737;2.294.276;86 %;364.461;1.450.543;1.287.070;163.473;1.208.194;1.007.206;200.988;;;;



"ANTENNE DÜSSELDORF";179.234;170.274;95 %;8.960;179.234;170.274;8.960;;;;;;;

"ANTENNE MÜNSTER";115.238;112.349;97 %;2.889;115.238;112.349;2.889;;;;;;;

"ANTENNE NIEDERRHEIN";60.544;58.406;96 %;2.138;60.544;58.406;2.138;;;;;;;

"Antenne Niedersachsen";474.094;450.424;95 %;23.670;166.581;153.832;12.749;307.513;296.592;10.921;;;;


"ANTENNE THÜRINGEN";257.544;247.814;96 %;9.730;125.071;118.818;6.253;132.473;128.996;3.477;;;;


"ANTENNE THÜRINGEN App";24.793;23.939;97 %;854;;;;24.793;23.939;854;;;;


"Antenne Unna";87.563;84.836;97 %;2.727;87.563;84.836;2.727;;;;;;;

"anwalt24.de";284.853;259.530;91 %;25.323;284.853;259.530;25.323;;;;;;;

"Anzeiger für Harlingerland";146.429;139.312;95 %;7.117;146.429;139.312;7.117;;;;;;;

"Aponet";1.771.059;1.700.027;96 %;71.032;800.848;739.187;61.661;970.211;960.840;9.371;;;;


"apotheken-umschau.de";17.532.698;15.789.376;90 %;1.743.322;6.158.049;5.462.865;695.184;11.374.649;10.326.511;1.048.138;;;;


"arcade Design-Magazin";19.812;16.932;85 %;2.880;19.812;16.932;2.880;;;;;;;

"Architektur & Wohnen";37.670;28.095;75 %;9.575;27.679;19.946;7.733;9.991;8.149;1.842;;;;


"Arcor.de";9.100.911;8.770.930;96 %;329.981;9.100.911;8.770.930;329.981;;;;;;;

"Areamobile.de";1.877.339;1.551.782;83 %;325.557;671.030;558.703;112.327;1.206.309;993.079;213.230;;;;


"ARIVA.DE";7.539.100;6.247.491;83 %;1.291.609;5.296.876;4.346.944;949.932;2.242.224;1.900.547;341.677;;;;




"arzt-wirtschaft.de";91.760;86.677;94 %;5.083;91.760;86.677;5.083;;;;;;;

"AssCompact Website";70.965;63.889;90 %;7.076;70.965;63.889;7.076;;;;;;;

"ATV & QUAD Magazin";14.165;10.493;74 %;3.672;14.165;10.493;3.672;;;;;;;

"Augsburger Allgemeine Online";10.149.336;9.313.051;92 %;836.285;4.523.606;4.137.389;386.217;5.625.730;5.175.662;450.068;;;;


"auskunft.de";4.038.953;3.795.212;94 %;243.741;4.038.953;3.795.212;243.741;;;;;;;

"auto motor und sport";21.666.174;18.979.696;88 %;2.686.478;9.326.917;7.434.393;1.892.524;12.339.257;11.545.303;793.954;;;;










"Auto News";387.848;301.695;78 %;86.153;387.848;301.695;86.153;;;;;;;

"AUTO SERVICE PRAXIS Online";106.832;91.074;85 %;15.758;106.832;91.074;15.758;;;;;;;

"autobild.de";33.143.518;29.033.689;88 %;4.109.829;14.520.718;11.802.858;2.717.860;18.622.800;17.230.831;1.391.969;;;;




"AUTOFLOTTE Online";95.667;80.489;84 %;15.178;95.667;80.489;15.178;;;;;;;

"AUTOGAZETTE.DE";73.466;61.805;84 %;11.661;73.466;61.805;11.661;;;;;;;

"AUTOHAUS Online";671.354;584.650;87 %;86.704;671.354;584.650;86.704;;;;;;;

"Automation";8.678;6.880;79 %;1.798;8.678;6.880;1.798;;;;;;;

"Automobil Industrie";266.868;215.536;81 %;51.332;266.868;215.536;51.332;;;;;;;

"automobil-produktion.de";410.464;335.065;82 %;75.399;410.464;335.065;75.399;;;;;;;

"autoplenum.de";2.907.860;2.533.094;87 %;374.766;2.907.860;2.533.094;374.766;;;;;;;

"AutoScout24";73.288.987;39.107.102;53 %;34.181.885;16.194.850;12.051.018;4.143.832;57.094.137;27.056.084;30.038.053;;;;




"Autozeitung.de";4.014.535;3.129.190;78 %;885.345;2.075.058;1.623.600;451.458;1.939.477;1.505.590;433.887;;;;




"azubiworld.com";6.179.620;5.075.114;82 %;1.104.506;6.179.620;5.075.114;1.104.506;;;;;;;

"Baader Bondboard";175.239;127.369;73 %;47.870;175.239;127.369;47.870;;;;;;;

"Baby & Junior";6.370;5.151;81 %;1.219;6.370;5.151;1.219;;;;;;;

"Baby und Familie";2.266.199;1.982.137;87 %;284.062;412.001;342.130;69.871;1.854.198;1.640.007;214.191;;;;


"baby-vornamen.de";1.533.484;1.254.429;82 %;279.055;1.533.484;1.254.429;279.055;;;;;;;

"BabyCenter";6.512.021;5.356.800;82 %;1.155.221;6.512.021;5.356.800;1.155.221;;;;;;;

"babyclub.de";1.696.620;1.483.363;87 %;213.257;281.905;244.091;37.814;1.414.715;1.239.272;175.443;;;;


"Backnanger Kreiszeitung Online";136.975;123.438;90 %;13.537;136.975;123.438;13.537;;;;;;;

"Baden Online";1.180.385;1.136.214;96 %;44.171;574.933;553.816;21.117;605.452;582.398;23.054;;;;


"Badische Zeitung Online";6.757.384;6.149.485;91 %;607.899;3.798.513;3.391.881;406.632;2.958.871;2.757.604;201.267;;;;




"Bänder Bleche Rohre";7.222;5.559;77 %;1.663;7.222;5.559;1.663;;;;;;;

"Basketball Bund";460.574;443.460;96 %;17.114;460.574;443.460;17.114;;;;;;;

"Bau-Welt";52.465;44.599;85 %;7.866;52.465;44.599;7.866;;;;;;;

"Bauforum24";174.705;138.879;79 %;35.826;174.705;138.879;35.826;;;;;;;

"BAULINKS.de";389.222;336.152;86 %;53.070;290.119;248.500;41.619;99.103;87.652;11.451;;;;


"BAUMETALL";9.833;7.824;80 %;2.009;8.248;6.505;1.743;1.585;1.319;266;;;;


"BauNetz";1.332.960;1.123.887;84 %;209.073;1.332.960;1.123.887;209.073;;;;;;;

"Bauwelt";68.756;57.006;83 %;11.750;68.756;57.006;11.750;;;;;;;

"bayern.by";226.727;119.700;53 %;107.027;226.727;119.700;107.027;;;;;;;

"BB RADIO Internet";121.280;115.241;95 %;6.039;121.280;115.241;6.039;;;;;;;

"BB24.news";258.479;247.101;96 %;11.378;258.479;247.101;11.378;;;;;;;

"bbv-net.de";378.054;362.015;96 %;16.039;199.736;188.493;11.243;178.318;173.522;4.796;;;;


"bento";12.670.216;10.912.266;86 %;1.757.950;5.109.042;4.337.761;771.281;7.561.174;6.574.505;986.669;;;;




"Bergfex";30.785.268;11.860.053;39 %;18.925.215;30.785.268;11.860.053;18.925.215;;;;;;;

"Bergsteiger";200.501;160.481;80 %;40.020;200.501;160.481;40.020;;;;;;;

"berlin-airport.de";745.165;678.657;91 %;66.508;745.165;678.657;66.508;;;;;;;

"Berlin.de";9.771.083;8.924.452;91 %;846.631;6.284.089;5.737.654;546.435;3.486.994;3.186.798;300.196;;;;


"Berliner Kurier Online";3.273.224;2.951.775;90 %;321.449;1.321.648;1.169.073;152.575;1.951.576;1.782.702;168.874;;;;


"Berliner Morgenpost";7.220.177;6.447.415;89 %;772.762;3.221.706;2.731.423;490.283;3.998.471;3.715.992;282.479;;;;


"Berliner Rundfunk.de";95.449;86.070;90 %;9.379;95.449;86.070;9.379;;;;;;;

"Berliner Zeitung Online";5.454.067;4.875.913;89 %;578.154;2.303.095;2.029.387;273.708;3.150.972;2.846.526;304.446;;;;


"Berliner-Silvester";17.955;15.435;86 %;2.520;17.955;15.435;2.520;;;;;;;

"Beschaffungsdienst GaLaBau";15.559;12.888;83 %;2.671;15.559;12.888;2.671;;;;;;;

"Best of Home ";;;;;;;;;;;;;;

"beziehungsweise";901.030;841.043;93 %;59.987;901.030;841.043;59.987;;;;;;;

"Bigdata Insider";72.419;55.029;76 %;17.390;72.419;55.029;17.390;;;;;;;

"bigFM";1.835.068;1.679.451;92 %;155.617;495.683;436.744;58.939;1.339.385;1.242.707;96.678;;;;




"Bigpoint.com";1.006.774;546.335;54 %;460.439;1.006.774;546.335;460.439;;;;;;;

"bike-magazin.de";648.271;501.352;77 %;146.919;648.271;501.352;146.919;;;;;;;

"Bild der Frau";2.932.559;2.609.809;89 %;322.750;967.826;833.034;134.792;1.964.733;1.776.775;187.958;;;;


"Bild.de";419.151.296;379.485.109;91 %;39.666.187;169.685.019;149.442.008;20.243.011;249.466.277;230.043.101;19.423.176;;;;







"billiger.de - Deutschlands großer Preisvergleich";3.062.012;2.833.321;93 %;228.691;3.062.012;2.833.321;228.691;;;;;;;

"Bisafans.de";1.058.025;900.155;85 %;157.870;1.058.025;900.155;157.870;;;;;;;

"biztravel.de";168.643;144.563;86 %;24.080;131.620;112.998;18.622;37.023;31.565;5.458;;;;


"Blechnet";34.189;25.607;75 %;8.582;34.189;25.607;8.582;;;;;;;

"Blinker.de";295.816;261.889;89 %;33.927;295.816;261.889;33.927;;;;;;;

"bluray-disc.de";607.834;523.609;86 %;84.225;607.834;523.609;84.225;;;;;;;

"boden wand decke";12.839;10.675;83 %;2.164;12.839;10.675;2.164;;;;;;;

"Börse Frankfurt";1.569.430;932.096;59 %;637.334;1.569.430;932.096;637.334;;;;;;;

"Börse Stuttgart";2.115.718;1.562.189;74 %;553.529;2.115.718;1.562.189;553.529;;;;;;;

"boerse-online.de";3.048.675;2.975.874;98 %;72.801;2.431.402;2.421.981;9.421;617.273;553.893;63.380;;;;



"boerse.de";3.067.033;2.418.678;79 %;648.355;2.837.275;2.209.345;627.930;229.758;209.333;20.425;;;;


"boersenblatt.net";258.971;231.284;89 %;27.687;183.355;163.039;20.316;75.616;68.245;7.371;;;;


"boote-magazin.de";79.030;62.618;79 %;16.412;79.030;62.618;16.412;;;;;;;

"Borkener Zeitung";285.094;236.894;83 %;48.200;285.094;236.894;48.200;;;;;;;

"brainGuide - Das Expertenportal der Wirtschaft";18.936;16.251;86 %;2.685;18.936;16.251;2.685;;;;;;;

"brandeins.de";257.944;212.138;82 %;45.806;129.524;105.115;24.409;128.420;107.023;21.397;;;;


"Braunschweiger Zeitung";4.340.513;4.123.274;95 %;217.239;1.533.372;1.379.910;153.462;2.807.141;2.743.364;63.777;;;;


"BRAVO.de";2.612.336;2.144.950;82 %;467.386;632.315;519.769;112.546;1.980.021;1.625.181;354.840;;;;


"Brigitte.de";18.192.301;14.730.019;81 %;3.462.282;5.746.843;4.840.374;906.469;12.445.458;9.889.645;2.555.813;;;;




"bundesliga.de - Die offizielle Webseite";3.299.063;2.066.281;63 %;1.232.782;3.299.063;2.066.281;1.232.782;;;;;;;

"Bunte.de";31.176.539;26.712.102;86 %;4.464.437;10.282.884;8.606.788;1.676.096;20.893.655;18.105.314;2.788.341;;;;




"BurdaStyle.de";384.883;283.242;74 %;101.641;384.883;283.242;101.641;;;;;;;

"Busfahrer Magazin";9.043;7.239;80 %;1.804;9.043;7.239;1.804;;;;;;;

"Business Insider Deutschland";13.913.982;11.799.645;85 %;2.114.337;3.963.838;3.317.719;646.119;9.950.144;8.481.926;1.468.218;;;;


"business&more";5.175.420;4.206.209;81 %;969.211;5.175.420;4.206.209;969.211;;;;;;;

"business-on.de";157.768;137.295;87 %;20.473;157.768;137.295;20.473;;;;;;;

"business-wissen.de";513.222;441.676;86 %;71.546;513.222;441.676;71.546;;;;;;;

"BVG";3.240.204;3.140.246;97 %;99.958;3.240.204;3.140.246;99.958;;;;;;;

"BZ-Berlin";7.901.737;7.430.362;94 %;471.375;2.156.457;1.980.855;175.602;5.745.280;5.449.507;295.773;;;;




"cafe-future.net";135.197;110.229;82 %;24.968;109.831;88.154;21.677;25.366;22.075;3.291;;;;


"capital.de";642.397;549.663;86 %;92.734;372.359;310.117;62.242;270.038;239.546;30.492;;;;


"caravaning.de";392.315;350.470;89 %;41.845;195.270;169.085;26.185;197.045;181.385;15.660;;;;




"caraworld.de";358.490;299.204;83 %;59.286;358.490;299.204;59.286;;;;;;;

"Cartoon Network";41.955;30.068;72 %;11.887;41.955;30.068;11.887;;;;;;;

"Cash.Online";122.937;89.263;73 %;33.674;122.937;89.263;33.674;;;;;;;

"ChannelPartner";608.771;538.933;89 %;69.838;508.782;447.285;61.497;99.989;91.648;8.341;;;;


"Chefkoch.de";91.393.402;82.503.208;90 %;8.890.194;27.253.910;23.945.869;3.308.041;64.139.492;58.557.339;5.582.153;;;;




"Chemietechnik.de";41.645;25.565;61 %;16.080;41.645;25.565;16.080;;;;;;;

"CHIP Online";75.973.011;66.161.675;87 %;9.811.336;44.263.752;37.774.295;6.489.457;31.709.259;28.387.380;3.321.879;;;;




"Cicero online";1.528.353;1.357.714;89 %;170.639;1.186.575;1.055.130;131.445;341.778;302.584;39.194;;;;


"CINEMA.de";798.991;646.331;81 %;152.660;515.344;407.326;108.018;283.647;239.005;44.642;;;;


"CinemaXXL.de";848.398;844.313;100 %;4.085;848.398;844.313;4.085;;;;;;;

"CINEPLEX";4.595.577;4.473.671;97 %;121.906;4.595.577;4.473.671;121.906;;;;;;;

"CineStar";3.400.227;3.282.905;97 %;117.322;3.400.227;3.282.905;117.322;;;;;;;

"CINEWEB";2.713.793;2.666.195;98 %;47.598;609.529;583.682;25.847;2.104.264;2.082.513;21.751;;;;


"CIO";605.678;498.520;82 %;107.158;450.943;368.265;82.678;154.735;130.255;24.480;;;;


"Citydome Rosenheim";104.246;101.794;98 %;2.452;104.246;101.794;2.452;;;;;;;

"CloudComputing-Insider";132.475;85.182;64 %;47.293;132.475;85.182;47.293;;;;;;;

"com-professional.de";614.003;540.834;88 %;73.169;553.688;487.969;65.719;60.315;52.865;7.450;;;;


"comedycentral.de";117.162;105.538;90 %;11.624;50.898;44.280;6.618;66.264;61.258;5.006;;;;


"competitionline -  Wettbewerbe  und Architektur";588.404;463.124;79 %;125.280;588.404;463.124;125.280;;;;;;;

"computer-automation.de";66.081;52.841;80 %;13.240;66.081;52.841;13.240;;;;;;;

"ComputerBase";9.205.460;7.666.159;83 %;1.539.301;5.920.551;4.852.242;1.068.309;3.284.909;2.813.917;470.992;;;;


"COMPUTERBILD.de";43.464.634;38.935.001;90 %;4.529.633;36.758.976;32.935.975;3.823.001;6.705.658;5.999.026;706.632;;;;


"Computerwoche Online";2.029.340;1.717.352;85 %;311.988;1.676.310;1.412.829;263.481;353.030;304.523;48.507;;;;


"Comunio.de - der Online Fußballmanager";10.393.294;9.877.491;95 %;515.803;2.366.761;2.218.830;147.931;8.026.533;7.658.661;367.872;;;;




"Connect";2.320.155;2.061.254;89 %;258.901;1.454.476;1.285.474;169.002;865.679;775.780;89.899;;;;


"COSMIQ";736.625;642.390;87 %;94.235;736.625;642.390;94.235;;;;;;;

"Cosmopolitan";3.677.972;3.053.639;83 %;624.333;1.354.213;1.115.627;238.586;2.323.759;1.938.012;385.747;;;;


"Couchfunk ";;;;;;;;;;;;;;


"COUCHstyle";414.373;356.138;86 %;58.235;168.241;144.132;24.109;246.132;212.006;34.126;;;;


"Creditreform Magazin Online";17.538;15.340;87 %;2.198;17.538;15.340;2.198;;;;;;;

"CRN";328.220;287.793;88 %;40.427;328.220;287.793;40.427;;;;;;;

"DAILY DOSE";175.359;147.428;84 %;27.931;175.359;147.428;27.931;;;;;;;

"Dailyme.tv";631.521;563.677;89 %;67.844;;;;631.521;563.677;67.844;;;;


"damals.de";17.534;13.724;78 %;3.810;17.534;13.724;3.810;;;;;;;

"DAS HAUS online";357.390;320.005;90 %;37.385;176.091;153.609;22.482;181.299;166.396;14.903;;;;


"DAS INVESTMENT";181.209;155.376;86 %;25.833;181.209;155.376;25.833;;;;;;;

"Das Örtliche";20.806.561;20.133.935;97 %;672.626;12.358.697;11.866.913;491.784;8.447.864;8.267.022;180.842;;;;




"das spielzeug";9.179;7.931;86 %;1.248;9.179;7.931;1.248;;;;;;;

"Das Telefonbuch";24.274.592;22.812.579;94 %;1.462.013;15.781.239;14.698.164;1.083.075;8.493.353;8.114.415;378.938;;;;




"DataCenter-Insider";123.660;94.578;76 %;29.082;123.660;94.578;29.082;;;;;;;

"DAZ.online Deutsche Apotheker Zeitung";1.282.629;1.150.144;90 %;132.485;1.282.629;1.150.144;132.485;;;;;;;

"DBZ Deutsche BauZeitschrift";37.438;31.941;85 %;5.497;37.438;31.941;5.497;;;;;;;

"Deine Tierwelt / dhd24.com";5.375.432;4.814.779;90 %;560.653;2.717.162;2.356.767;360.395;2.658.270;2.458.012;200.258;;;;


"delta radio";103.646;91.927;89 %;11.719;103.646;91.927;11.719;;;;;;;

"deluxemusic.tv";65.376;51.128;78 %;14.248;65.376;51.128;14.248;;;;;;;

"depechemode.de";356.791;321.922;90 %;34.869;356.791;321.922;34.869;;;;;;;

"DER AKTIONÄR";2.071.224;1.732.092;84 %;339.132;2.071.224;1.732.092;339.132;;;;;;;

"DER AKTIONÄR TV";251.061;211.353;84 %;39.708;251.061;211.353;39.708;;;;;;;

"Der Facility Manager";11.377;10.056;88 %;1.321;9.072;8.051;1.021;2.305;2.005;300;;;;


"der Freitag";513.347;434.353;85 %;78.994;513.347;434.353;78.994;;;;;;;

"Der Patriot online";173.174;164.683;95 %;8.491;173.174;164.683;8.491;;;;;;;

"Der Teckbote online";215.278;203.189;94 %;12.089;215.278;203.189;12.089;;;;;;;

"Detail - Zeitschrift für Architektur + Baudetail";388.832;214.976;55 %;173.856;388.832;214.976;173.856;;;;;;;

"Deutsche Handwerks Zeitung";802.158;764.357;95 %;37.801;802.158;764.357;37.801;;;;;;;

"deutsche-startups.de";310.257;254.691;82 %;55.566;310.257;254.691;55.566;;;;;;;

"Deutscher Alpenverein e.V.";535.022;483.446;90 %;51.576;338.718;307.455;31.263;196.304;175.991;20.313;;;;


"Deutsches Ärzteblatt - online";2.267.384;2.020.235;89 %;247.149;1.511.495;1.338.257;173.238;755.889;681.978;73.911;;;;




"Deutsches Handwerksblatt";156.688;149.194;95 %;7.494;109.662;104.176;5.486;47.026;45.018;2.008;;;;


"DeutschesApothekenPortal";186.873;181.231;97 %;5.642;186.873;181.231;5.642;;;;;;;

"DeutschlandSpielt.de";399.865;354.768;89 %;45.097;399.865;354.768;45.097;;;;;;;

"devicemed";45.417;34.692;76 %;10.725;45.417;34.692;10.725;;;;;;;

"DEWEZET.de";657.336;627.490;95 %;29.846;657.336;627.490;29.846;;;;;;;

"Diabetes News Portal";55.673;49.870;90 %;5.803;55.673;49.870;5.803;;;;;;;

"Die Glocke";657.741;631.529;96 %;26.212;657.741;631.529;26.212;;;;;;;

"Die KÄLTE + Klimatechnik";15.461;12.799;83 %;2.662;11.840;9.571;2.269;3.621;3.228;393;;;;


"DIE RHEINPFALZ";2.525.049;2.374.484;94 %;150.565;2.525.049;2.374.484;150.565;;;;;;;

"digitalfernsehen.de";1.535.840;1.376.061;90 %;159.779;1.491.908;1.335.196;156.712;43.932;40.865;3.067;;;;



"dingit.tv";3.243.367;1.169.099;36 %;2.074.268;3.243.367;1.169.099;2.074.268;;;;;;;

"Discover Outdoor";1.549.017;1.180.408;76 %;368.609;1.549.017;1.180.408;368.609;;;;;;;

"Disney.de";3.944.211;3.342.151;85 %;602.060;685.235;581.113;104.122;3.258.976;2.761.038;497.938;;;;




"dmax";2.065.059;1.703.849;83 %;361.210;1.341.257;1.113.404;227.853;723.802;590.445;133.357;;;;


"DocCheck";12.115.938;9.597.894;79 %;2.518.044;7.360.721;5.774.683;1.586.038;4.755.217;3.823.211;932.006;;;;


"domradio.de";329.217;274.187;83 %;55.030;183.969;145.045;38.924;145.248;129.142;16.106;;;;


"donaukurier.de";1.932.177;1.834.876;95 %;97.301;603.292;558.044;45.248;1.328.885;1.276.832;52.053;;;;




"Doodle.com";11.788.137;11.714.481;99 %;73.656;5.451.572;5.386.840;64.732;6.336.565;6.327.641;8.924;;;;


"Druckerchannel.de";273.816;235.469;86 %;38.347;273.816;235.469;38.347;;;;;;;

"DStGB";16.911;16.031;95 %;880;16.911;16.031;880;;;;;;;

"Duden";25.661.010;19.139.220;75 %;6.521.790;25.661.010;19.139.220;6.521.790;;;;;;;

"Dülmener Zeitung";121.345;110.163;91 %;11.182;121.345;110.163;11.182;;;;;;;

"Dumontreise.de";2.950.927;2.649.250;90 %;301.677;2.950.927;2.649.250;301.677;;;;;;;

"DVZ.de - Deutsche Logistik-Zeitung";102.742;81.738;80 %;21.004;102.742;81.738;21.004;;;;;;;

"e-commerce-magazin.de";25.237;21.162;84 %;4.075;25.237;21.162;4.075;;;;;;;

"e-Hausaufgaben.de Schülercommunity";1.346.911;1.151.709;86 %;195.202;1.346.911;1.151.709;195.202;;;;;;;

"earthtv.com";279.463;62.839;22 %;216.624;279.463;62.839;216.624;;;;;;;

"EAT SMARTER";7.364.766;6.218.468;84 %;1.146.298;7.050.794;5.947.303;1.103.491;313.972;271.165;42.807;;;;




"eBay - Der weltweite Online-Marktplatz";160.668.588;139.460.114;87 %;21.208.474;160.668.588;139.460.114;21.208.474;;;;;;;

"ebay Kleinanzeigen";473.239.212;451.717.015;95 %;21.522.197;104.253.979;95.776.616;8.477.363;368.985.233;355.940.399;13.044.834;;;;




"echo24.de";322.889;306.119;95 %;16.770;118.459;111.873;6.586;204.430;194.246;10.184;;;;


"Echte Mamas";490.736;420.429;86 %;70.307;490.736;420.429;70.307;;;;;;;

"eGovernment Computing.de";39.349;35.013;89 %;4.336;39.349;35.013;4.336;;;;;;;

"Ein Herz für Tiere Netzwerk";662.222;553.153;84 %;109.069;662.222;553.153;109.069;;;;;;;

"Einzelhandel.de";29.057;25.669;88 %;3.388;29.057;25.669;3.388;;;;;;;

"Eisenbahnwelt.de";24.741;18.045;73 %;6.696;24.741;18.045;6.696;;;;;;;

"Elbe-Jeetzel-Zeitung online";101.570;93.535;92 %;8.035;101.570;93.535;8.035;;;;;;;

"Elektro.net";71.195;63.037;89 %;8.158;71.195;63.037;8.158;;;;;;;

"elektroboerse-handel.de";6.513;5.348;82 %;1.165;6.513;5.348;1.165;;;;;;;

"Elektrobörse-Smarthouse";16.731;14.425;86 %;2.306;16.731;14.425;2.306;;;;;;;

"Elektromarkt";2.383;994;42 %;1.389;2.383;994;1.389;;;;;;;

"Elektroniknet";568.388;444.893;78 %;123.495;568.388;444.893;123.495;;;;;;;

"Elektronikpraxis.de";376.171;305.678;81 %;70.493;376.171;305.678;70.493;;;;;;;

"Elektrotechnik.de";77.130;63.110;82 %;14.020;77.130;63.110;14.020;;;;;;;

"ElitePartner";2.999.196;2.848.328;95 %;150.868;2.999.196;2.848.328;150.868;;;;;;;

"ELLE";6.432.259;5.413.178;84 %;1.019.081;1.493.789;1.230.439;263.350;4.938.470;4.182.739;755.731;;;;


"Eltern.de";11.073.302;9.497.413;86 %;1.575.889;2.416.022;1.956.542;459.480;8.657.280;7.540.871;1.116.409;;;;




"energie-und-management.de";100.056;97.202;97 %;2.854;100.056;97.202;2.854;;;;;;;

"energiesparen im Haushalt";118.539;105.356;89 %;13.183;118.539;105.356;13.183;;;;;;;

"energiespektrum";12.657;10.828;86 %;1.829;12.657;10.828;1.829;;;;;;;

"enorm Magazin online";113.385;96.228;85 %;17.157;113.385;96.228;17.157;;;;;;;

"entertainweb";34.817.148;31.974.118;92 %;2.843.030;34.817.148;31.974.118;2.843.030;;;;;;;

"Epoch Times Deutschland";4.717.950;4.003.729;85 %;714.221;4.717.950;4.003.729;714.221;;;;;;;

"erdbeerlounge.de";10.722.048;8.890.130;83 %;1.831.918;1.522.316;1.130.962;391.354;9.199.732;7.759.168;1.440.564;;;;


"essen-und-trinken.de";11.454.093;10.018.427;87 %;1.435.666;6.056.496;5.242.767;813.729;5.397.597;4.775.660;621.937;;;;




"etailment";230.113;194.140;84 %;35.973;197.486;166.005;31.481;32.627;28.135;4.492;;;;


"ETMM Online";18.553;5.029;27 %;13.524;18.553;5.029;13.524;;;;;;;

"EuroTransportMedia";146.432;116.269;79 %;30.163;78.650;59.205;19.445;67.782;57.064;10.718;;;;


"evangelisch.de";604.057;543.645;90 %;60.412;604.057;543.645;60.412;;;;;;;

"Express Online";37.005.759;34.987.121;95 %;2.018.638;15.017.879;13.944.648;1.073.231;21.987.880;21.042.473;945.407;;;;


"Eßlinger Zeitung online";505.073;473.925;94 %;31.148;505.073;473.925;31.148;;;;;;;

"fachmedien & mittelstand digital";3.047.647;2.618.311;86 %;429.336;2.392.722;2.019.533;373.189;654.925;598.778;56.147;;;;


"Fahrzeug + Karosserie";22.754;21.310;94 %;1.444;22.754;21.310;1.444;;;;;;;

"Falk";3.216.835;3.040.954;95 %;175.881;2.768.200;2.609.388;158.812;448.635;431.566;17.069;;;;


"Falstaff - Ihr Portal für Wein & Genuss";159.229;133.451;84 %;25.778;159.229;133.451;25.778;;;;;;;

"familie.de";3.147.834;2.711.214;86 %;436.620;3.147.834;2.711.214;436.620;;;;;;;

"Familotel";282.027;206.652;73 %;75.375;282.027;206.652;75.375;;;;;;;

"FAZ.NET";62.431.914;52.395.478;84 %;10.036.436;28.952.215;23.591.000;5.361.215;33.479.699;28.804.478;4.675.221;;;;




"Feierabend.de";828.903;763.615;92 %;65.288;667.194;613.780;53.414;161.709;149.835;11.874;;;;


"ferien.de";39.393;31.314;79 %;8.079;39.393;31.314;8.079;;;;;;;

"Festivalguide ";;;;;;;;;;;;;;

"FeWo-direkt.de";8.259.817;7.181.557;87 %;1.078.260;8.259.817;7.181.557;1.078.260;;;;;;;

"Filmstarts.de";8.907.188;7.352.170;83 %;1.555.018;8.517.145;6.998.418;1.518.727;390.043;353.752;36.291;;;;




"FinanceScout24";782.500;724.796;93 %;57.704;512.949;473.993;38.956;269.551;250.803;18.748;;;;


"finanzen.net - Das Finanzportal";39.129.016;32.322.560;83 %;6.806.456;28.371.257;23.323.287;5.047.970;10.757.759;8.999.273;1.758.486;;;;








"Finanzen100";9.946.297;8.089.234;81 %;1.857.063;1.280.652;1.052.135;228.517;8.665.645;7.037.099;1.628.546;;;;







"finanzfernsehen.de";250.576;247.779;99 %;2.797;250.576;247.779;2.797;;;;;;;

"FinanzNachrichten.de";4.784.615;3.758.889;79 %;1.025.726;4.784.615;3.758.889;1.025.726;;;;;;;

"finanztreff.de";2.542.033;2.100.601;83 %;441.432;2.239.109;1.858.208;380.901;302.924;242.393;60.531;;;;


"FIRMENAUTO";102.673;83.808;82 %;18.865;60.585;48.164;12.421;42.088;35.644;6.444;;;;


"FIRMENWISSEN";1.549.321;1.368.914;88 %;180.407;1.549.321;1.368.914;180.407;;;;;;;

"FIRST IN FOOD";4.203.348;3.563.745;85 %;639.603;1.548.274;1.300.534;247.740;2.655.074;2.263.211;391.863;;;;


"FIT FOR FUN.de";4.182.627;3.424.036;82 %;758.591;1.278.687;1.040.338;238.349;2.903.940;2.383.698;520.242;;;;


"FIT GESUND SCHOEN";1.747.850;1.491.686;85 %;256.164;1.747.850;1.491.686;256.164;;;;;;;

"Fitbook";2.582.116;2.319.939;90 %;262.177;988.479;863.368;125.111;1.593.637;1.456.571;137.066;;;;


"flaconi";2.150.148;1.979.145;92 %;171.003;2.150.148;1.979.145;171.003;;;;;;;

"fleischerei";18.036;14.759;82 %;3.277;18.036;14.759;3.277;;;;;;;

"Fleischwirtschaft.de";53.731;40.810;76 %;12.921;44.741;33.550;11.191;8.990;7.260;1.730;;;;




"Flughafen Düsseldorf";1.186.584;973.701;82 %;212.883;505.837;397.996;107.841;680.747;575.705;105.042;;;;


"Flugrevue & aero.de";2.201.312;1.709.812;78 %;491.500;821.808;618.790;203.018;1.379.504;1.091.022;288.482;;;;


"fluid";31.153;27.278;88 %;3.875;31.153;27.278;3.875;;;;;;;

"FNweb";226.975;204.707;90 %;22.268;138.363;119.481;18.882;88.612;85.226;3.386;;;;


"FOCUS ONLINE";182.861.685;166.553.861;91 %;16.307.824;71.590.186;63.562.246;8.027.940;111.258.956;102.982.627;8.276.329;12.543;8.988;3.555;








"foerderland - Wissen für Gründer und Unternehmer";252.271;210.668;84 %;41.603;252.271;210.668;41.603;;;;;;;

"Form-Werkzeug.de";19.769;15.808;80 %;3.961;19.769;15.808;3.961;;;;;;;

"Formel1.de";919.542;737.593;80 %;181.949;;;;919.542;737.593;181.949;;;;


"fotomagazin.de";171.503;144.791;84 %;26.712;171.503;144.791;26.712;;;;;;;

"Frag-Mutti.de";3.946.727;3.394.240;86 %;552.487;3.946.727;3.394.240;552.487;;;;;;;

"Frankenpost online";1.210.455;1.167.329;96 %;43.126;1.057.008;1.017.358;39.650;153.447;149.971;3.476;;;;



"Frankfurter Neue Presse";3.087.206;2.739.261;89 %;347.945;1.508.232;1.289.669;218.563;1.578.974;1.449.592;129.382;;;;


"Frankfurter Rundschau online";5.280.966;4.255.072;81 %;1.025.894;2.615.927;1.827.241;788.686;2.665.039;2.427.831;237.208;;;;


"freenet.de";45.104.214;43.215.806;96 %;1.888.408;22.361.826;21.259.094;1.102.732;22.742.388;21.956.712;785.676;;;;




"Freie Presse Online";3.106.564;2.931.445;94 %;175.119;1.359.506;1.243.074;116.432;1.747.058;1.688.371;58.687;;;;


"Freies Wort-Online";808.522;778.435;96 %;30.087;808.522;778.435;30.087;;;;;;;

"Freizeit Revue";92.726;76.780;83 %;15.946;92.726;76.780;15.946;;;;;;;

"freshme";316.763;311.311;98 %;5.452;316.763;311.311;5.452;;;;;;;

"freundin online";5.972.074;5.020.275;84 %;951.799;1.235.100;999.159;235.941;4.736.974;4.021.116;715.858;;;;


"Für Sie";1.465.912;1.255.723;86 %;210.189;630.521;542.212;88.309;835.391;713.511;121.880;;;;


"Für-Gründer.de";718.838;654.033;91 %;64.805;718.838;654.033;64.805;;;;;;;

"Fuldaer Zeitung";519.219;497.371;96 %;21.848;185.814;176.164;9.650;333.405;321.207;12.198;;;;


"FUNKE MEDIEN NRW";34.880.822;33.192.059;95 %;1.688.763;11.615.548;10.792.387;823.161;23.265.274;22.399.672;865.602;;;;


"funkschau.de";73.978;63.467;86 %;10.511;73.978;63.467;10.511;;;;;;;

"FuPa Eigengebiete";1.144.806;1.073.774;94 %;71.032;1.144.806;1.073.774;71.032;;;;;;;

"Fussballfunk ";;;;;;;;;;;;;;


"fvw.de";475.769;400.983;84 %;74.786;447.077;377.613;69.464;28.692;23.370;5.322;;;;


"Gabler Wirtschaftslexikon Online";2.409.461;2.122.608;88 %;286.853;1.629.505;1.421.681;207.824;779.956;700.927;79.029;;;;


"Gäubote - Die Herrenberger Zeitung";192.854;179.668;93 %;13.186;192.854;179.668;13.186;;;;;;;

"Gala.de";28.840.776;22.714.622;79 %;6.126.154;7.307.915;5.852.740;1.455.175;21.532.861;16.861.882;4.670.979;;;;




"Galileo";32.221;31.488;98 %;733;;;;32.221;31.488;733;;;;


"GameStar";23.063.909;20.060.904;87 %;3.003.005;23.063.909;20.060.904;3.003.005;;;;;;;

"Gameswelt";4.948.432;4.088.319;83 %;860.113;1.075.786;870.074;205.712;3.872.646;3.218.245;654.401;;;;


"Gamesworld.de";15.988.799;13.886.432;87 %;2.102.367;15.988.799;13.886.432;2.102.367;;;;;;;

"Gamona";2.704.671;2.337.057;86 %;367.614;1.124.598;973.603;150.995;1.580.073;1.363.454;216.619;;;;


"GCM Go City Media";227.289;210.152;92 %;17.137;227.289;210.152;17.137;;;;;;;

"GEA online";474.491;433.484;91 %;41.007;474.491;433.484;41.007;;;;;;;

"Gebäude-Energieberater";40.485;36.877;91 %;3.608;34.404;31.384;3.020;6.081;5.493;588;;;;


"gebäudetechnik + handwerk";6.473;5.430;84 %;1.043;6.473;5.430;1.043;;;;;;;

"GelbeSeiten";8.017.601;7.525.828;94 %;491.773;5.010.796;4.716.424;294.372;3.006.805;2.809.404;197.401;;;;







"General-Anzeiger Online";2.900.074;2.735.839;94 %;164.235;1.405.318;1.296.702;108.616;1.494.756;1.439.137;55.619;;;;


"General-Anzeiger-Rhauderfehn";238.032;231.257;97 %;6.775;238.032;231.257;6.775;;;;;;;

"germanblogs.de";39.065;29.157;75 %;9.908;39.065;29.157;9.908;;;;;;;

"GesünderNet";7.490.506;6.367.864;85 %;1.122.642;7.490.506;6.367.864;1.122.642;;;;;;;

"gesundheit.de";6.164.876;4.941.971;80 %;1.222.905;2.244.524;1.798.579;445.945;3.920.352;3.143.392;776.960;;;;


"Gießener Allgemeine";631.657;587.883;93 %;43.774;631.657;587.883;43.774;;;;;;;

"GIGA.de";15.831.837;13.414.387;85 %;2.417.450;15.831.837;13.414.387;2.417.450;;;;;;;

"GLAMOUR.de";2.993.039;2.445.685;82 %;547.354;857.594;710.253;147.341;2.135.445;1.735.432;400.013;;;;




"Glas Fenster Fassade";9.537;8.044;84 %;1.493;9.537;8.044;1.493;;;;;;;

"GLASWELT";52.151;43.888;84 %;8.263;38.569;32.211;6.358;13.582;11.677;1.905;;;;


"Gmünder Tagespost";318.822;300.271;94 %;18.551;318.822;300.271;18.551;;;;;;;

"GMX ";;;;;;;;;;;;;;




"Goal.com";1.907.483;1.883.876;99 %;23.607;1.907.483;1.883.876;23.607;;;;;;;

"gofeminin";17.068.128;14.292.316;84 %;2.775.812;4.073.956;3.333.811;740.145;12.994.172;10.958.505;2.035.667;;;;


"Golem.de";11.480.532;9.970.049;87 %;1.510.483;6.071.050;5.182.126;888.924;5.409.482;4.787.923;621.559;;;;


"Golf Netzwerk - HOLE IN ONE Golf Media";481.719;246.439;51 %;235.280;481.719;246.439;235.280;;;;;;;

"Golf Post -  Das Onlinemagazin für Golfer";199.721;166.141;83 %;33.580;110.143;91.238;18.905;89.578;74.903;14.675;;;;


"Golf.de - das Internetportal für den Golfsport";800.696;718.038;90 %;82.658;800.696;718.038;82.658;;;;;;;

"Golfmagazin.de";37.911;23.166;61 %;14.745;37.911;23.166;14.745;;;;;;;

"goslarsche.de";715.578;691.165;97 %;24.413;715.578;691.165;24.413;;;;;;;

"GOURMETWELTEN";170.426;139.508;82 %;30.918;170.426;139.508;30.918;;;;;;;

"GQ.de";1.349.878;1.133.217;84 %;216.661;587.488;487.549;99.939;762.390;645.668;116.722;;;;


"GRAZIA-magazin.de";606.836;484.670;80 %;122.166;452.572;349.591;102.981;154.264;135.079;19.185;;;;


"Gründerszene.de";1.935.560;1.672.361;86 %;263.199;1.935.560;1.672.361;263.199;;;;;;;

"guenstiger.de";2.047.556;1.749.992;85 %;297.564;2.047.556;1.749.992;297.564;;;;;;;

"gutefrage.net";49.651.369;43.225.872;87 %;6.425.497;19.273.207;16.621.869;2.651.338;30.378.162;26.604.003;3.774.159;;;;


"Guter Rat.de";109.920;98.349;89 %;11.571;109.920;98.349;11.571;;;;;;;

"GW trends Online";18.392;16.183;88 %;2.209;18.392;16.183;2.209;;;;;;;

"Gymondo";319.224;276.509;87 %;42.715;319.224;276.509;42.715;;;;;;;

"Haller Kreisblatt";186.473;175.699;94 %;10.774;72.189;64.374;7.815;114.284;111.325;2.959;;;;


"Hallo-Eltern.de";1.640.109;1.250.851;76 %;389.258;186.040;154.689;31.351;1.454.069;1.096.162;357.907;;;;


"hamburg.de";4.194.558;3.947.432;94 %;247.126;2.432.916;2.263.410;169.506;1.761.642;1.684.022;77.620;;;;


"Hamburger Abendblatt Online";9.418.093;8.365.151;89 %;1.052.942;4.369.399;3.601.030;768.369;5.048.694;4.764.121;284.573;;;;




"Hamburger Morgenpost Online";15.430.566;14.476.298;94 %;954.268;7.860.479;7.280.887;579.592;7.570.087;7.195.411;374.676;;;;


"handball-world.com";1.162.465;1.055.393;91 %;107.072;1.162.465;1.055.393;107.072;;;;;;;

"Handelsblatt.com";21.800.603;17.793.359;82 %;4.007.244;14.109.281;11.222.262;2.887.019;7.691.322;6.571.097;1.120.225;;;;




"handling";154.361;124.785;81 %;29.576;154.361;124.785;29.576;;;;;;;

"handwerk-magazin";151.461;141.733;94 %;9.728;151.461;141.733;9.728;;;;;;;

"Hannover";921.390;872.732;95 %;48.658;505.632;469.056;36.576;415.758;403.676;12.082;;;;


"hanser-automotive.de";14.806;11.316;76 %;3.490;14.806;11.316;3.490;;;;;;;

"Hanser-Konstruktion.de";14.995;12.211;81 %;2.784;14.995;12.211;2.784;;;;;;;

"harmony.fm";224.442;201.040;90 %;23.402;129.032;115.444;13.588;95.410;85.596;9.814;;;;



"Harper´s BAZAAR";911.489;758.826;83 %;152.663;183.708;149.032;34.676;727.781;609.794;117.987;;;;


"Harvard Business Manager";117.523;93.766;80 %;23.757;117.523;93.766;23.757;;;;;;;

"haufe.de";4.894.190;4.693.522;96 %;200.668;4.894.190;4.693.522;200.668;;;;;;;

"Hausgarten.net";2.068.903;1.726.988;83 %;341.915;2.068.903;1.726.988;341.915;;;;;;;

"Hausjournal.net";1.722.297;1.494.854;87 %;227.443;1.722.297;1.494.854;227.443;;;;;;;

"haustec.de";323.371;292.484;90 %;30.887;258.336;233.045;25.291;65.035;59.439;5.596;;;;


"HaustechnikDialog";1.911.825;1.674.232;88 %;237.593;1.911.825;1.674.232;237.593;;;;;;;

"HAZOnline";5.752;5.457;95 %;295;5.752;5.457;295;;;;;;;

"Health & Care Management";19.804;17.924;91 %;1.880;19.804;17.924;1.880;;;;;;;

"Heidelberg24";1.138.501;1.091.358;96 %;47.143;533.890;509.570;24.320;604.611;581.788;22.823;;;;


"Heilbronner Stimme online";3.000.335;2.869.475;96 %;130.860;1.095.297;1.031.970;63.327;1.905.038;1.837.505;67.533;;;;


"Heinze";638.613;552.252;86 %;86.361;638.613;552.252;86.361;;;;;;;

"heise online";35.422.409;30.368.751;86 %;5.053.658;23.926.632;20.376.162;3.550.470;11.495.777;9.992.589;1.503.188;;;;




"HeizungsJournal";34.959;31.574;90 %;3.385;34.959;31.574;3.385;;;;;;;

"Hellweg Radio";106.336;104.696;98 %;1.640;106.336;104.696;1.640;;;;;;;

"helpster";2.211.491;1.957.513;89 %;253.978;1.311.296;1.157.864;153.432;900.195;799.649;100.546;;;;


"Hersfelder Zeitung Online";476.013;450.102;95 %;25.911;259.531;243.186;16.345;216.482;206.916;9.566;;;;


"hifi.de";4.348.571;3.653.120;84 %;695.451;4.348.571;3.653.120;695.451;;;;;;;

"hifitest.de";538.762;426.926;79 %;111.836;538.762;426.926;111.836;;;;;;;

"HIGHLIGHT Web";11.282;7.498;66 %;3.784;11.282;7.498;3.784;;;;;;;

"Hildesheimer Allgemeine Zeitung";765.264;730.493;95 %;34.771;602.308;571.354;30.954;162.956;159.139;3.817;;;;


"HIT RADIO FFH";4.073.045;3.857.706;95 %;215.339;1.000.438;908.637;91.801;3.072.607;2.949.069;123.538;;;;




"Hitradio Ohr";215.380;209.241;97 %;6.139;215.380;209.241;6.139;;;;;;;

"HNA online";9.139.160;8.710.188;95 %;428.972;5.255.793;4.954.266;301.527;3.883.367;3.755.922;127.445;;;;


"HÖRZU";21.779.574;20.252.004;93 %;1.527.570;5.569.557;4.688.272;881.285;16.210.017;15.563.732;646.285;;;;




"holidaycheck";24.134.080;20.341.952;84 %;3.792.128;16.336.963;13.118.998;3.217.965;7.797.117;7.222.954;574.163;;;;


"homesolute.com";522.241;331.835;64 %;190.406;522.241;331.835;190.406;;;;;;;

"HORIZONT.NET";1.739.289;1.488.255;86 %;251.034;1.270.573;1.073.942;196.631;468.716;414.313;54.403;;;;




"hotelbau";7.190;5.738;80 %;1.452;7.190;5.738;1.452;;;;;;;

"HuffPost";17.756.161;15.924.188;90 %;1.831.973;5.965.969;5.255.203;710.766;11.790.192;10.668.985;1.121.207;;;;





"I LOVE RADIO - ILOVERADIO.de";852.096;720.892;85 %;131.204;270.762;226.233;44.529;581.334;494.659;86.675;;;;


"Idowa Online";1.755.925;1.684.602;96 %;71.323;884.179;837.230;46.949;871.746;847.372;24.374;;;;


"IGN Deutschland";2.297.514;1.811.403;79 %;486.111;2.297.514;1.811.403;486.111;;;;;;;

"IKZ - Fachportal für die SHK-Branche";213.971;189.285;88 %;24.686;213.971;189.285;24.686;;;;;;;

"Immobilien Zeitung";618.444;530.601;86 %;87.843;618.444;530.601;87.843;;;;;;;

"ImmobilienScout24";84.604.896;80.840.994;96 %;3.763.902;27.050.071;25.266.656;1.783.415;57.554.825;55.574.338;1.980.487;;;;




"impulse.de";726.149;661.182;91 %;64.967;726.149;661.182;64.967;;;;;;;

"industrieBAU";3.052;2.528;83 %;524;2.539;2.095;444;513;433;80;;;;


"Industry of Things";81.699;64.367;79 %;17.332;81.699;64.367;17.332;;;;;;;

"Industrystock";673.088;673.079;100 %;9;591.578;591.572;6;81.510;81.507;3;;;;


"inFranken.de (Mediengruppe Oberfranken)";5.670.235;5.351.704;94 %;318.531;1.362.839;1.195.006;167.833;4.307.396;4.156.698;150.698;;;;




"ingenieur.de";593.241;507.919;86 %;85.322;408.080;344.910;63.170;185.161;163.009;22.152;;;;


"innovations-report";67.010;43.780;65 %;23.230;67.010;43.780;23.230;;;;;;;

"inside-handy.de";2.980.018;2.604.695;87 %;375.323;2.980.018;2.604.695;375.323;;;;;;;

"InStyle";5.673.320;4.704.413;83 %;968.907;1.110.679;924.597;186.082;4.562.641;3.779.816;782.825;;;;


"inSüdthüringen.de App";106.829;104.609;98 %;2.220;;;;106.829;104.609;2.220;;;;


"Integrale Planung";22.998;20.470;89 %;2.528;22.998;20.470;2.528;;;;;;;

"internetworld.de";624.266;469.837;75 %;154.429;541.751;397.467;144.284;82.515;72.370;10.145;;;;


"Intro.de ";;;;;;;;;;;;;;

"IP-Insider";197.581;142.424;72 %;55.157;197.581;142.424;55.157;;;;;;;

"IT-Business.de";294.872;260.243;88 %;34.629;294.872;260.243;34.629;;;;;;;

"IT-Times.de";93.851;70.394;75 %;23.457;93.851;70.394;23.457;;;;;;;

"ItsinTV";1.924.389;910.746;47 %;1.013.643;1.924.389;910.746;1.013.643;;;;;;;

"ivz-aktuell";275.124;266.915;97 %;8.209;275.124;266.915;8.209;;;;;;;

"IWW Institut für Wissen in der Wirtschaft GmbH";1.320.273;1.260.333;95 %;59.940;635.176;607.866;27.310;685.097;652.467;32.630;;;;


"JAM FM";211.199;193.611;92 %;17.588;77.378;69.097;8.281;133.821;124.514;9.307;;;;




"jameda";13.134.403;12.739.341;97 %;395.062;5.513.864;5.240.389;273.475;7.620.539;7.498.952;121.587;;;;


"Jeversches Wochenblatt";92.672;86.466;93 %;6.206;92.672;86.466;6.206;;;;;;;

"Jolie.de";2.630.737;2.233.364;85 %;397.373;971.940;820.118;151.822;1.658.797;1.413.246;245.551;;;;


"Journal für Oberflächentechnik JOT";3.618;2.877;80 %;741;3.618;2.877;741;;;;;;;

"Junge Freiheit online";2.547.171;2.299.212;90 %;247.959;2.547.171;2.299.212;247.959;;;;;;;

"ka-news.de";1.488.416;1.427.233;96 %;61.183;639.986;607.139;32.847;848.430;820.094;28.336;;;;




"kabeleins online";2.154.386;2.093.755;97 %;60.631;1.942.621;1.890.190;52.431;211.765;203.565;8.200;;;;





"Kachelmannwetter.com";2.783.176;2.379.207;85 %;403.969;2.783.176;2.379.207;403.969;;;;;;;

"kalaydo.de - das regionale Findernet";2.169.487;2.009.238;93 %;160.249;1.173.369;1.065.464;107.905;996.118;943.774;52.344;;;;


"Kardiologie.org";68.398;57.635;84 %;10.763;68.398;57.635;10.763;;;;;;;

"karriere";551.098;514.418;93 %;36.680;551.098;514.418;36.680;;;;;;;

"katholisch.de";1.299.333;1.108.581;85 %;190.752;1.299.333;1.108.581;190.752;;;;;;;

"kaufDA ";14.371.630;13.961.344;97 %;410.286;;;;14.371.630;13.961.344;410.286;;;;




"ke-next.de";51.332;42.593;83 %;8.739;51.332;42.593;8.739;;;;;;;

"kfz-betrieb";843.946;790.811;94 %;53.135;843.946;790.811;53.135;;;;;;;

"KGK-Rubberpoint";5.471;2.938;54 %;2.533;5.471;2.938;2.533;;;;;;;

"KI-Portal";6.202;4.830;78 %;1.372;6.202;4.830;1.372;;;;;;;

"kicker Fußball Quiz";2.860;2.731;95 %;129;;;;2.860;2.731;129;;;;


"kicker online";128.346.694;119.114.079;93 %;9.232.615;22.953.356;20.139.120;2.814.236;105.393.338;98.974.959;6.418.379;;;;





"kimeta.de";2.492.672;2.401.116;96 %;91.556;1.164.717;1.112.235;52.482;1.327.955;1.288.881;39.074;;;;


"kino-zeit.de";863.129;817.368;95 %;45.761;863.129;817.368;45.761;;;;;;;

"kino.de";14.754.576;12.499.925;85 %;2.254.651;4.562.330;3.835.110;727.220;10.192.246;8.664.815;1.527.431;;;;




"Kinonaut";775;713;92 %;62;775;713;62;;;;;;;

"Kinopolis";1.590.735;1.567.555;99 %;23.180;1.590.735;1.567.555;23.180;;;;;;;

"KISS FM";91.072;78.863;87 %;12.209;91.072;78.863;12.209;;;;;;;

"Klack App";6.396.486;6.122.986;96 %;273.500;;;;6.396.486;6.122.986;273.500;;;;


"Klassik Radio";626.612;441.814;71 %;184.798;626.612;441.814;184.798;;;;;;;

"kma Online";80.229;73.567;92 %;6.662;80.229;73.567;6.662;;;;;;;

"Knuddels.de";1.626.421;1.530.891;94 %;95.530;1.626.421;1.530.891;95.530;;;;;;;

"Kochbar";10.326.385;9.141.805;89 %;1.184.580;10.048.413;8.881.697;1.166.716;277.972;260.108;17.864;;;;



"Kochmeister.com";60.573;46.215;76 %;14.358;60.573;46.215;14.358;;;;;;;

"Koeln.de";3.326.577;3.115.165;94 %;211.412;2.669.568;2.490.733;178.835;657.009;624.432;32.577;;;;


"Kölner Stadt-Anzeiger Online";10.043.188;9.383.858;93 %;659.330;5.104.250;4.689.452;414.798;4.938.938;4.694.406;244.532;;;;


"Kölnische Rundschau";2.008.655;1.873.340;93 %;135.315;1.092.896;1.006.261;86.635;915.759;867.079;48.680;;;;


"Kompass";106.834;68.835;64 %;37.999;106.834;68.835;37.999;;;;;;;

"Konstruktionspraxis.de";154.118;126.892;82 %;27.226;154.118;126.892;27.226;;;;;;;

"KREISZEITUNG Böblinger Bote";241.560;225.555;93 %;16.005;241.560;225.555;16.005;;;;;;;

"Kreiszeitung Online";3.903.262;3.691.306;95 %;211.956;1.996.355;1.872.096;124.259;1.906.907;1.819.210;87.697;;;;


"kuechengoetter.de";2.503.530;2.039.902;81 %;463.628;1.088.630;881.094;207.536;1.414.900;1.158.808;256.092;;;;


"Küchenplaner-Magazin";35.198;29.751;85 %;5.447;35.198;29.751;5.447;;;;;;;

"Kunststoff Magazin";96.809;68.818;71 %;27.991;96.809;68.818;27.991;;;;;;;

"Kunststoffe.de";100.450;70.811;70 %;29.639;100.450;70.811;29.639;;;;;;;

"KunststoffWeb";152.882;111.529;73 %;41.353;152.882;111.529;41.353;;;;;;;

"kununu.com";4.185.346;3.481.090;83 %;704.256;4.185.346;3.481.090;704.256;;;;;;;

"LABO";54.058;41.304;76 %;12.754;54.058;41.304;12.754;;;;;;;

"Laborpraxis";115.534;88.262;76 %;27.272;115.534;88.262;27.272;;;;;;;

"Ladies.de";14.884.306;14.172.331;95 %;711.975;4.802.560;4.489.260;313.300;10.081.746;9.683.071;398.675;;;;


"LandesWelle Thüringen";58.595;56.531;96 %;2.064;58.595;56.531;2.064;;;;;;;

"Langenscheidt Online Wörterbuch";2.626.182;1.451.858;55 %;1.174.324;2.626.182;1.451.858;1.174.324;;;;;;;

"LAOLA1.tv";4.067.213;1.026.665;25 %;3.040.548;4.019.000;1.007.280;3.011.720;48.213;19.385;28.828;;;;



"laut.de - der musikkanal";1.724.140;1.392.083;81 %;332.057;1.724.140;1.392.083;332.057;;;;;;;

"LAVIVA";121.318;113.632;94 %;7.686;121.318;113.632;7.686;;;;;;;

"Leben & erziehen";231.778;209.165;90 %;22.613;231.778;209.165;22.613;;;;;;;

"lebensmittelzeitung.net";833.440;698.601;84 %;134.839;709.521;588.965;120.556;123.919;109.636;14.283;;;;




"LECKER.de";11.238.969;9.864.947;88 %;1.374.022;4.307.920;3.770.043;537.877;6.931.049;6.094.904;836.145;;;;






"leichtathletik.de";608.337;551.746;91 %;56.591;608.337;551.746;56.591;;;;;;;

"leipzig.de - Das offizielle Stadtportal";660.596;628.089;95 %;32.507;368.664;343.236;25.428;291.932;284.853;7.079;;;;


"Lifeline-Gesundheitsberater";7.904.331;6.675.191;84 %;1.229.140;1.971.960;1.652.574;319.386;5.932.371;5.022.617;909.754;;;;


"LigaInsider";3.001.321;2.654.638;88 %;346.683;3.001.321;2.654.638;346.683;;;;;;;

"Ligalive";648.673;538.948;83 %;109.725;648.673;538.948;109.725;;;;;;;

"lightingJOBS";4.130;3.628;88 %;502;4.130;3.628;502;;;;;;;

"Linguee";85.276.667;16.790.434;20 %;68.486.233;85.271.826;16.788.957;68.482.869;4.841;1.477;3.364;;;;


"Linux-Magazin";99.889;81.562;82 %;18.327;99.889;81.562;18.327;;;;;;;

"LinuxCommunity";133.492;113.809;85 %;19.683;133.492;113.809;19.683;;;;;;;

"LKW-Fahrer-gesucht.com";181.461;156.104;86 %;25.357;181.461;156.104;25.357;;;;;;;

"Local24";152.419;138.279;91 %;14.140;70.446;61.725;8.721;81.973;76.554;5.419;;;;


"LocalXXL";36.271;24.659;68 %;11.612;36.271;24.659;11.612;;;;;;;

"LOGISTIK HEUTE";75.780;62.988;83 %;12.792;75.780;62.988;12.792;;;;;;;

"Logistik Journal";5.697;4.659;82 %;1.038;5.697;4.659;1.038;;;;;;;

"LR-Online";2.085.937;1.984.102;95 %;101.835;2.085.937;1.984.102;101.835;;;;;;;

"Ludwigsburger Kreiszeitung";417.205;391.906;94 %;25.299;369.865;347.172;22.693;47.340;44.734;2.606;;;;


"Ludwigshafen24";434.817;413.798;95 %;21.019;80.422;71.442;8.980;354.395;342.356;12.039;;;;


"LZ.de (Lippische Landes-Zeitung)";1.308.923;1.268.150;97 %;40.773;517.985;494.192;23.793;790.938;773.958;16.980;;;;


"Macwelt";2.964.522;2.401.356;81 %;563.166;2.257.223;1.812.891;444.332;707.299;588.465;118.834;;;;


"Madame";652.972;559.823;86 %;93.149;652.972;559.823;93.149;;;;;;;

"Maedchen.de";1.800.903;1.566.774;87 %;234.129;500.575;423.756;76.819;1.300.328;1.143.018;157.310;;;;


"Männersache";2.478.792;1.793.279;72 %;685.513;543.503;428.970;114.533;1.935.289;1.364.309;570.980;;;;


"Märkische Oderzeitung Online";1.369.248;1.300.372;95 %;68.876;1.369.248;1.300.372;68.876;;;;;;;

"Main-Netz";1.666.117;1.560.657;94 %;105.460;1.666.117;1.560.657;105.460;;;;;;;

"mainpost.de";2.660.822;2.525.114;95 %;135.708;1.233.447;1.156.994;76.453;1.427.375;1.368.120;59.255;;;;




"Mamiweb.de - Das Netzwerk für Mütter und die es werden wollen";1.855.793;1.542.403;83 %;313.390;305.485;249.324;56.161;1.550.308;1.293.079;257.229;;;;


"manager magazin online";8.494.602;7.177.860;84 %;1.316.742;5.740.984;4.811.167;929.817;2.753.618;2.366.693;386.925;;;;




"managerseminare.de";44.460;37.017;83 %;7.443;44.460;37.017;7.443;;;;;;;

"Mannheim24";973.780;933.626;96 %;40.154;349.140;329.852;19.288;624.640;603.774;20.866;;;;


"Marburger & Gießener Magazin Express Online";101.547;99.840;98 %;1.707;101.547;99.840;1.707;;;;;;;

"Marco Polo";1.423.410;989.523;70 %;433.887;1.423.410;989.523;433.887;;;;;;;

"Marconomy";73.337;61.874;84 %;11.463;73.337;61.874;11.463;;;;;;;

"marketing-BÖRSE";88.847;76.254;86 %;12.593;88.847;76.254;12.593;;;;;;;

"markt.de";19.923.458;18.978.531;95 %;944.927;6.838.564;6.318.372;520.192;13.084.894;12.660.159;424.735;;;;




"maschine + werkzeug";27.043;21.071;78 %;5.972;27.043;21.071;5.972;;;;;;;

"Maschinenmarkt";336.606;257.223;76 %;79.383;336.606;257.223;79.383;;;;;;;

"Mathäser";462.103;452.361;98 %;9.742;462.103;452.361;9.742;;;;;;;

"mediasports network";4.099.403;3.773.896;92 %;325.507;4.099.403;3.773.896;325.507;;;;;;;

"Mediengruppe Thüringen Online (TA, OTZ, TLZ)";7.708.798;7.362.809;96 %;345.989;2.382.161;2.207.462;174.699;5.326.637;5.155.347;171.290;;;;


"Medienhaus Bauer / Recklinghäuser Zeitung";793.396;725.216;91 %;68.180;398.993;340.350;58.643;394.403;384.866;9.537;;;;


"Medienhaus Lensing / Ruhr Nachrichten";1.174.397;1.051.506;90 %;122.891;1.174.397;1.051.506;122.891;;;;;;;

"Mein schöner Garten Online";2.461.860;2.101.895;85 %;359.965;1.223.991;1.039.511;184.480;1.237.869;1.062.384;175.485;;;;


"meinestadt.de";19.772.074;18.924.473;96 %;847.601;9.285.761;8.775.100;510.661;10.486.313;10.149.373;336.940;;;;








"MeinProspekt ";3.136.780;3.055.709;97 %;81.071;;;;3.136.780;3.055.709;81.071;;;;




"MensHealth.de";3.146.334;2.580.191;82 %;566.143;1.238.345;1.002.593;235.752;1.907.989;1.577.598;330.391;;;;


"MERIAN.de";146.733;117.331;80 %;29.402;82.127;64.469;17.658;64.606;52.862;11.744;;;;


"Merkur.de";19.562.690;18.131.940;93 %;1.430.750;14.010.948;12.882.843;1.128.105;5.551.742;5.249.097;302.645;;;;


"Messen.de - die Adresse rund um die Messe";1.600.696;1.412.223;88 %;188.473;1.600.696;1.412.223;188.473;;;;;;;

"metal.de";203.800;171.491;84 %;32.309;203.800;171.491;32.309;;;;;;;

"Mittelbayerische Zeitung";3.165.064;2.972.394;94 %;192.670;1.357.199;1.263.376;93.823;1.807.865;1.709.018;98.847;;;;


"Mitteldeutsche Zeitung";7.291.338;7.001.818;96 %;289.520;2.882.499;2.723.506;158.993;4.408.839;4.278.312;130.527;;;;


"Mittelhessen.de";907.913;865.175;95 %;42.738;803.767;763.495;40.272;104.146;101.680;2.466;;;;



"MittelstandsWiki";72.969;56.393;77 %;16.576;72.969;56.393;16.576;;;;;;;

"Mixology Online";120.510;85.671;71 %;34.839;46.205;31.233;14.972;74.305;54.438;19.867;;;;


"mobile.de Der Automarkt";138.682.694;96.120.585;69 %;42.562.109;57.470.141;34.555.601;22.914.540;81.212.553;61.564.984;19.647.569;;;;




"moebel.de";5.162.639;4.897.876;95 %;264.763;5.162.639;4.897.876;264.763;;;;;;;

"moebelfertigung.com";41.880;34.579;83 %;7.301;41.880;34.579;7.301;;;;;;;

"moebelkultur.de";237.065;210.428;89 %;26.637;237.065;210.428;26.637;;;;;;;

"Monopol - Magazin";243.184;200.045;82 %;43.139;243.184;200.045;43.139;;;;;;;

"Morgenweb";1.676.773;1.539.580;92 %;137.193;849.429;747.381;102.048;827.344;792.199;35.145;;;;


"Motor Klassik";16.452;12.818;78 %;3.634;;;;16.452;12.818;3.634;;;;


"MOTOR-TALK";18.308.987;15.643.834;85 %;2.665.153;7.743.906;6.468.626;1.275.280;10.565.081;9.175.208;1.389.873;;;;






"Motorrad-Online";1.956.742;1.571.894;80 %;384.848;1.062.024;840.724;221.300;894.718;731.170;163.548;;;;






"Motorsport-Magazin.com ";;;;;;;;;;;;;;

"Motorsport-Total.com";1.013.613;781.514;77 %;232.099;;;;1.013.613;781.514;232.099;;;;


"motoso.de";48.800;36.933;76 %;11.867;48.800;36.933;11.867;;;;;;;

"Moviejones.de";739.459;631.863;85 %;107.596;267.075;215.584;51.491;472.384;416.279;56.105;;;;


"moviepilot media";10.046.213;8.029.116;80 %;2.017.097;2.771.897;2.131.069;640.828;7.274.316;5.898.047;1.376.269;;;;


"MT.de (Mindener Tageblatt)";1.111.949;1.076.485;97 %;35.464;407.374;386.345;21.029;704.575;690.140;14.435;;;;


"mtv.de";737.485;670.710;91 %;66.775;310.731;278.455;32.276;426.754;392.255;34.499;;;;


"Mühlacker Tagblatt";99.956;94.783;95 %;5.173;34.809;31.844;2.965;65.147;62.939;2.208;;;;


"Münsterländische Volkszeitung Rheine";443.253;426.131;96 %;17.122;443.253;426.131;17.122;;;;;;;

"musicline.de - Die ganze Musik im Internet";30.053;21.192;71 %;8.861;30.053;21.192;8.861;;;;;;;

"mydays DE";616.331;581.929;94 %;34.402;616.331;581.929;34.402;;;;;;;

"myspass.de";376.284;306.678;82 %;69.606;376.284;306.678;69.606;;;;;;;

"myTischtennis";735.016;712.336;97 %;22.680;735.016;712.336;22.680;;;;;;;

"N-Land.de - das regionale Online-Portal für das Nürnberger Land";298.202;284.756;95 %;13.446;298.202;284.756;13.446;;;;;;;

"n-tv.de";127.310.284;115.637.830;91 %;11.672.454;34.666.449;30.256.759;4.409.690;92.643.835;85.381.071;7.262.764;;;;




"NATIONAL GEOGRAPHIC DEUTSCHLAND";462.463;375.817;81 %;86.646;86.564;59.348;27.216;375.899;316.469;59.430;;;;


"natur.de";19.231;15.611;81 %;3.620;19.231;15.611;3.620;;;;;;;

"naturkost.de";221.714;193.985;87 %;27.729;221.714;193.985;27.729;;;;;;;

"Natursteinonline";14.591;11.945;82 %;2.646;14.591;11.945;2.646;;;;;;;

"Naumburger Tageblatt";70.149;64.639;92 %;5.510;70.149;64.639;5.510;;;;;;;

"NE-WS 89.4";74.354;70.546;95 %;3.808;74.354;70.546;3.808;;;;;;;

"NetDoktor.de";12.535.333;10.738.353;86 %;1.796.980;4.683.585;4.001.682;681.903;7.851.748;6.736.671;1.115.077;;;;


"NetMoms";7.240.414;6.228.758;86 %;1.011.656;1.795.977;1.523.696;272.281;5.444.437;4.705.062;739.375;;;;


"netzathleten network";6.846.837;5.689.672;83 %;1.157.165;6.846.837;5.689.672;1.157.165;;;;;;;

"Neue Deister Zeitung.de";112.914;108.285;96 %;4.629;112.914;108.285;4.629;;;;;;;

"Neue OZ online";7.157.278;6.789.393;95 %;367.885;3.086.053;2.870.784;215.269;4.071.225;3.918.609;152.616;;;;


"Neue Presse";478.883;459.426;96 %;19.457;429.403;410.902;18.501;49.480;48.524;956;;;;



"Neue-Verpackung";36.212;28.038;77 %;8.174;36.212;28.038;8.174;;;;;;;

"Neuestens";63.061;47.952;76 %;15.109;13.818;10.927;2.891;49.243;37.025;12.218;;;;


"Neuwagen.de";252.635;184.710;73 %;67.925;252.635;184.710;67.925;;;;;;;

"News.de";5.723.767;5.119.042;89 %;604.725;1.522.648;1.350.486;172.162;4.201.119;3.768.556;432.563;;;;


"nick.de";1.027.939;962.670;94 %;65.269;415.474;378.854;36.620;612.465;583.816;28.649;;;;


"NITRO";104.169;94.866;91 %;9.303;104.169;94.866;9.303;;;;;;;

"Noe Astro";256.819;219.426;85 %;37.393;256.819;219.426;37.393;;;;;;;

"Noizz";2.825.428;2.616.650;93 %;208.778;245.657;218.719;26.938;2.579.771;2.397.931;181.840;;;;


"noows.de";2.114;1.078;51 %;1.036;2.114;1.078;1.036;;;;;;;

"Nordbayerischer Kurier";952.571;919.918;97 %;32.653;952.571;919.918;32.653;;;;;;;

"Nordbayern.de";7.642.995;7.277.150;95 %;365.845;2.811.167;2.611.093;200.074;4.831.828;4.666.057;165.771;;;;




"Nordkurier-Online";1.661.141;1.611.474;97 %;49.667;367.418;348.276;19.142;1.293.723;1.263.198;30.525;;;;


"NRWHITS - Das Erlebnisportal";87.245;83.460;96 %;3.785;87.245;83.460;3.785;;;;;;;

"Nürtinger Zeitung";149.596;137.865;92 %;11.731;68.163;61.088;7.075;81.433;76.777;4.656;;;;


"NW.de (Neue Westfälische)";5.201.224;5.003.529;96 %;197.695;2.119.136;2.013.377;105.759;3.082.088;2.990.152;91.936;;;;


"NWZonline (Nordwest-Zeitung)";4.136.974;3.967.953;96 %;169.021;1.632.270;1.541.042;91.228;2.504.704;2.426.911;77.793;;;;


"Oberhessische Presse";606.383;577.158;95 %;29.225;209.092;191.376;17.716;397.291;385.782;11.509;;;;


"ÖKO-TEST Verbraucherberatung";471.476;414.992;88 %;56.484;471.476;414.992;56.484;;;;;;;

"Offenbach-Post Online";2.387.109;2.256.977;95 %;130.132;1.294.852;1.211.084;83.768;1.092.257;1.045.893;46.364;;;;


"Offizielle Deutsche Charts";309.870;278.901;90 %;30.969;309.870;278.901;30.969;;;;;;;

"OK! Magazin";5.177.233;4.332.626;84 %;844.607;2.245.433;1.784.493;460.940;2.931.800;2.548.133;383.667;;;;


"Oldenburgische Volkszeitung";267.798;259.853;97 %;7.945;267.798;259.853;7.945;;;;;;;

"Omnibus Revue";17.174;13.307;77 %;3.867;17.174;13.307;3.867;;;;;;;

"ON AIR";6.657.497;4.631.962;70 %;2.025.535;;;;6.657.497;4.631.962;2.025.535;;;;


"Onetz";1.929.501;1.837.959;95 %;91.542;922.425;865.294;57.131;1.007.076;972.665;34.411;;;;


"Online-Magazin EnBauSa.de";27.001;21.675;80 %;5.326;27.001;21.675;5.326;;;;;;;

"OnlineFussballManager.de";1.497.609;1.370.972;92 %;126.637;1.497.609;1.370.972;126.637;;;;;;;

"Onmeda";13.982.908;12.288.089;88 %;1.694.819;4.191.985;3.646.797;545.188;9.790.923;8.641.292;1.149.631;;;;


"Onpulson.de - Wissen für Unternehmer & Führungskräfte";136.969;116.365;85 %;20.604;136.969;116.365;20.604;;;;;;;

"OnVista";13.388.841;11.394.249;85 %;1.994.592;8.144.995;6.894.763;1.250.232;5.243.846;4.499.486;744.360;;;;




"openPR - Das offene PR-Portal";103.005;79.086;77 %;23.919;103.005;79.086;23.919;;;;;;;

"Ostfriesen-Zeitung online";823.009;802.789;98 %;20.220;823.009;802.789;20.220;;;;;;;

"Ostfriesische Nachrichten";275.124;268.167;97 %;6.957;275.124;268.167;6.957;;;;;;;

"Osthessen News";2.231.953;2.174.849;97 %;57.104;2.231.953;2.174.849;57.104;;;;;;;

"outdooractive";2.227.343;1.679.895;75 %;547.448;2.227.343;1.679.895;547.448;;;;;;;

"OUTDOORCHANNEL.DE";5.588.230;4.435.930;79 %;1.152.300;5.046.891;4.003.920;1.042.971;541.339;432.010;109.329;;;;


"OVB24";10.102.845;9.577.573;95 %;525.272;4.990.280;4.710.722;279.558;5.112.565;4.866.851;245.714;;;;


"OWL Online";1.611;1.502;93 %;109;1.611;1.502;109;;;;;;;

"Page-Online";404.567;338.216;84 %;66.351;404.567;338.216;66.351;;;;;;;

"paradisi.de";2.259.176;1.839.585;81 %;419.591;2.259.176;1.839.585;419.591;;;;;;;

"Parship";6.188.524;5.952.252;96 %;236.272;6.188.524;5.952.252;236.272;;;;;;;

"Passauer Neue Presse";6.928.425;6.632.440;96 %;295.985;2.386.148;2.244.666;141.482;4.542.277;4.387.774;154.503;;;;




"PC-MAGAZIN";3.707.096;3.140.957;85 %;566.139;2.540.236;2.136.799;403.437;1.166.860;1.004.158;162.702;;;;


"PC-WELT";10.675.145;9.108.676;85 %;1.566.469;8.336.525;7.062.109;1.274.416;2.338.620;2.046.567;292.053;;;;




"Petra";262.806;225.593;86 %;37.213;90.456;76.833;13.623;172.350;148.760;23.590;;;;


"petSpot";3.277.626;2.228.973;68 %;1.048.653;3.277.626;2.228.973;1.048.653;;;;;;;

"Pharma-Food";16.875;11.993;71 %;4.882;16.875;11.993;4.882;;;;;;;

"Pharmazeutische Zeitung online";1.191.701;1.062.516;89 %;129.185;1.104.183;983.930;120.253;87.518;78.586;8.932;;;;


"phonostar";520.956;456.901;88 %;64.055;520.956;456.901;64.055;;;;;;;

"photovoltaik";49.668;41.778;84 %;7.890;40.063;33.574;6.489;9.605;8.204;1.401;;;;


"planet of tech";7.492.980;6.190.933;83 %;1.302.047;7.492.980;6.190.933;1.302.047;;;;;;;

"planet radio";931.688;869.109;93 %;62.579;198.355;180.083;18.272;733.333;689.026;44.307;;;;




"plasticker.de";143.549;86.967;61 %;56.582;143.549;86.967;56.582;;;;;;;

"Plastverarbeiter";23.576;18.320;78 %;5.256;23.576;18.320;5.256;;;;;;;

"Playboy.de";1.921.670;1.571.772;82 %;349.898;1.037.043;846.097;190.946;884.627;725.675;158.952;;;;


"Pocket Liga App";1.153.968;1.115.106;97 %;38.862;;;;1.153.968;1.115.106;38.862;;;;


"PONS Online-Wörterbuch";22.232.682;9.448.084;42 %;12.784.598;14.231.841;5.823.278;8.408.563;8.000.841;3.624.806;4.376.035;;;;


"Portale RheinMainMedia";38.347;35.992;94 %;2.355;38.347;35.992;2.355;;;;;;;

"PR-Journal";28.126;25.049;89 %;3.077;28.126;25.049;3.077;;;;;;;

"PraxisVita";4.010.685;3.389.273;85 %;621.412;1.275.364;1.079.581;195.783;2.735.321;2.309.692;425.629;;;;


"Preissuchmaschine.de";527.414;407.222;77 %;120.192;527.414;407.222;120.192;;;;;;;

"Presseportal";8.386.860;7.943.195;95 %;443.665;3.579.589;3.326.561;253.028;4.807.271;4.616.634;190.637;;;;


"PRIMOLEBEN ";;;;;;;;;;;;;;

"print.de";162.898;136.380;84 %;26.518;162.898;136.380;26.518;;;;;;;

"PRINZ";751.124;703.615;94 %;47.509;352.712;319.730;32.982;398.412;383.885;14.527;;;;


"Prisma.de";794.469;699.800;88 %;94.669;384.952;324.652;60.300;409.517;375.148;34.369;;;;




"Process";155.801;114.878;74 %;40.923;155.801;114.878;40.923;;;;;;;

"Process Worldwide";68.439;10.841;16 %;57.598;68.439;10.841;57.598;;;;;;;

"produktion.de";283.458;232.047;82 %;51.411;283.458;232.047;51.411;;;;;;;

"Projekt Magazin";151.899;122.477;81 %;29.422;151.899;122.477;29.422;;;;;;;

"Promipool.de";4.860.640;4.055.529;83 %;805.111;4.802.123;4.004.560;797.563;58.517;50.969;7.548;;;;



"promobil.de";1.163.858;983.409;84 %;180.449;665.986;551.092;114.894;497.872;432.317;65.555;;;;






"ProSieben Online";9.221.188;8.920.454;97 %;300.734;8.009.777;7.752.164;257.613;1.211.411;1.168.290;43.121;;;;





"Psychologie Heute";33.850;26.398;78 %;7.452;33.850;26.398;7.452;;;;;;;

"PTAheute";147.958;139.114;94 %;8.844;147.958;139.114;8.844;;;;;;;

"pz-news.de";1.678.494;1.601.943;95 %;76.551;683.253;636.527;46.726;995.241;965.416;29.825;;;;




"Quotenmeter.de";452.936;397.955;88 %;54.981;452.936;397.955;54.981;;;;;;;

"QZ-online";92.645;70.949;77 %;21.696;92.645;70.949;21.696;;;;;;;

"R.SA";140.885;133.811;95 %;7.074;140.885;133.811;7.074;;;;;;;

"Radio 7";184.899;170.096;92 %;14.803;184.899;170.096;14.803;;;;;;;

"Radio 90.1";58.659;56.685;97 %;1.974;58.659;56.685;1.974;;;;;;;

"Radio 91.2";144.277;137.557;95 %;6.720;144.277;137.557;6.720;;;;;;;

"Radio Berg";158.332;153.212;97 %;5.120;158.332;153.212;5.120;;;;;;;

"Radio Bielefeld";442.605;432.471;98 %;10.134;96.335;94.318;2.017;346.270;338.153;8.117;;;;




"RADIO BOB!";405.816;369.983;91 %;35.833;405.816;369.983;35.833;;;;;;;

"RADIO BOB! rockt Schleswig-Holstein";76.220;71.475;94 %;4.745;76.220;71.475;4.745;;;;;;;

"Radio Bochum";149.595;145.025;97 %;4.570;149.595;145.025;4.570;;;;;;;

"Radio Bonn/Rhein-Sieg";247.647;240.485;97 %;7.162;247.647;240.485;7.162;;;;;;;

"Radio Brocken";100.190;96.873;97 %;3.317;35.251;33.221;2.030;64.939;63.652;1.287;;;;


"Radio Duisburg";154.657;150.247;97 %;4.410;154.657;150.247;4.410;;;;;;;

"Radio Emscher Lippe";220.274;214.968;98 %;5.306;220.274;214.968;5.306;;;;;;;

"RADIO ENERGY";642.186;594.385;93 %;47.801;642.186;594.385;47.801;;;;;;;

"Radio Ennepe Ruhr";86.495;84.029;97 %;2.466;86.495;84.029;2.466;;;;;;;

"Radio Erft";128.530;122.152;95 %;6.378;128.530;122.152;6.378;;;;;;;

"Radio Essen";372.255;360.419;97 %;11.836;372.255;360.419;11.836;;;;;;;

"Radio Euskirchen";51.787;49.162;95 %;2.625;51.787;49.162;2.625;;;;;;;

"Radio ffn";717.062;691.156;96 %;25.906;263.964;248.074;15.890;453.098;443.082;10.016;;;;


"Radio Gong";263.998;250.297;95 %;13.701;263.998;250.297;13.701;;;;;;;

"Radio Gütersloh";303.192;297.502;98 %;5.690;92.546;90.158;2.388;210.646;207.344;3.302;;;;




"Radio Hamburg";494.329;444.913;90 %;49.416;335.793;298.956;36.837;158.536;145.957;12.579;;;;


"Radio Herford";150.345;147.950;98 %;2.395;34.712;34.015;697;115.633;113.935;1.698;;;;




"Radio Herne";46.699;44.955;96 %;1.744;46.699;44.955;1.744;;;;;;;

"Radio Hochstift";679.793;667.725;98 %;12.068;150.140;145.470;4.670;529.653;522.255;7.398;;;;




"Radio K.W.";170.744;166.586;98 %;4.158;170.744;166.586;4.158;;;;;;;

"Radio Kiepenkerl";174.702;169.771;97 %;4.931;174.702;169.771;4.931;;;;;;;

"Radio Köln";203.417;189.605;93 %;13.812;203.417;189.605;13.812;;;;;;;

"Radio Leverkusen";84.068;77.015;92 %;7.053;84.068;77.015;7.053;;;;;;;

"Radio Lippe";287.535;283.139;98 %;4.396;73.858;72.070;1.788;213.677;211.069;2.608;;;;




"Radio Lippewelle Hamm";67.905;66.202;97 %;1.703;67.905;66.202;1.703;;;;;;;

"Radio Mülheim";50.726;49.023;97 %;1.703;50.726;49.023;1.703;;;;;;;

"RADIO NEANDERTAL";59.061;57.318;97 %;1.743;59.061;57.318;1.743;;;;;;;

"Radio Oberhausen";84.227;81.633;97 %;2.594;84.227;81.633;2.594;;;;;;;

"RADIO PSR";234.273;221.704;95 %;12.569;234.273;221.704;12.569;;;;;;;

"Radio Regenbogen";675.953;589.043;87 %;86.910;244.436;205.830;38.606;431.517;383.213;48.304;;;;




"Radio RPR Rheinland-Pfälzische Rundfunk GmbH & Co.KG";1.012.670;964.942;95 %;47.728;270.396;248.131;22.265;742.274;716.811;25.463;;;;




"RADIO RSG";117.425;114.184;97 %;3.241;117.425;114.184;3.241;;;;;;;

"RADIO RST";132.015;129.242;98 %;2.773;132.015;129.242;2.773;;;;;;;

"Radio Rur";87.879;84.788;96 %;3.091;87.879;84.788;3.091;;;;;;;

"Radio Salue";194.567;182.617;94 %;11.950;194.567;182.617;11.950;;;;;;;

"Radio Sauerland";113.511;110.811;98 %;2.700;113.511;110.811;2.700;;;;;;;

"radio SAW";413.384;387.948;94 %;25.436;413.384;387.948;25.436;;;;;;;

"Radio Schleswig-Holstein (R.SH)";255.271;237.476;93 %;17.795;255.271;237.476;17.795;;;;;;;

"Radio Siegen";154.851;151.697;98 %;3.154;154.851;151.697;3.154;;;;;;;

"Radio sunshine live";431.215;360.707;84 %;70.508;431.215;360.707;70.508;;;;;;;

"radio TOP 40";65.108;61.020;94 %;4.088;33.626;30.957;2.669;31.482;30.063;1.419;;;;


"radio TOP 40 App";10.959;10.572;96 %;387;;;;10.959;10.572;387;;;;


"Radio Vest";255.479;248.698;97 %;6.781;255.479;248.698;6.781;;;;;;;

"Radio WAF";216.498;211.755;98 %;4.743;52.082;50.507;1.575;164.416;161.248;3.168;;;;




"Radio Westfalica";199.054;195.216;98 %;3.838;47.192;46.109;1.083;151.862;149.107;2.755;;;;




"RADIO WMW";100.487;98.515;98 %;1.972;100.487;98.515;1.972;;;;;;;

"RADIO WUPPERTAL";191.275;185.356;97 %;5.919;191.275;185.356;5.919;;;;;;;

"Radio-MK";165.964;162.748;98 %;3.216;165.964;162.748;3.216;;;;;;;

"radio.de";32.055.123;18.220.594;57 %;13.834.529;10.636.225;5.181.529;5.454.696;21.418.898;13.039.065;8.379.833;;;;




"radsport-news.com";558.206;413.759;74 %;144.447;558.206;413.759;144.447;;;;;;;

"ran";10.284.255;9.255.957;90 %;1.028.298;10.284.255;9.255.957;1.028.298;;;;;;;

"ran App";2.720.340;2.481.257;91 %;239.083;;;;2.720.340;2.481.257;239.083;;;;


"rapupdate.de";960.108;822.241;86 %;137.867;960.108;822.241;137.867;;;;;;;

"rationell reinigen";20.679;18.203;88 %;2.476;20.679;18.203;2.476;;;;;;;

"RauteMusik";181.493;134.860;74 %;46.633;181.493;134.860;46.633;;;;;;;

"regio-news.de";196.458;186.122;95 %;10.336;196.458;186.122;10.336;;;;;;;

"regionalHeute.de";1.136.138;1.104.853;97 %;31.285;1.136.138;1.104.853;31.285;;;;;;;

"REISE & PREISE online";40.337;33.387;83 %;6.950;40.337;33.387;6.950;;;;;;;

"reiseplanung.de";112.790;104.715;93 %;8.075;112.790;104.715;8.075;;;;;;;

"rga.de";516.156;473.762;92 %;42.394;314.011;277.899;36.112;202.145;195.863;6.282;;;;


"Rhein-Neckar-Zeitung";1.705.692;1.568.088;92 %;137.604;895.401;792.909;102.492;810.291;775.179;35.112;;;;


"Rhein-Zeitung";1.951.852;1.839.383;94 %;112.469;1.483.056;1.387.758;95.298;468.796;451.625;17.171;;;;


"Rheinmain Extratipp";107.348;96.854;90 %;10.494;55.416;49.547;5.869;51.932;47.307;4.625;;;;


"Rhön- und Saalepost";107.023;103.289;97 %;3.734;39.731;37.846;1.885;67.292;65.443;1.849;;;;


"RND";24.398.942;23.243.392;95 %;1.155.550;10.310.867;9.611.187;699.680;14.088.075;13.632.205;455.870;;;;


"Robb Report";24.596;24.157;98 %;439;23.889;23.547;342;707;610;97;;;;


"ROCK ANTENNE";966.940;768.015;79 %;198.925;536.804;434.359;102.445;430.136;333.656;96.480;;;;



"RockHard.de";315.363;271.585;86 %;43.778;315.363;271.585;43.778;;;;;;;

"ROCKLAND SACHSEN-ANHALT";16.331;14.926;91 %;1.405;16.331;14.926;1.405;;;;;;;

"rp-online";27.165.494;25.224.323;93 %;1.941.171;10.572.334;9.612.274;960.060;16.593.160;15.612.049;981.111;;;;








"rs2.de";86.663;82.005;95 %;4.658;86.663;82.005;4.658;;;;;;;

"RTL 2";4.477.896;3.398.607;76 %;1.079.289;2.370.422;1.885.991;484.431;2.107.474;1.512.616;594.858;;;;





"RTL- Deutschlands Hit-Radio";105.398;72.629;69 %;32.769;67.245;43.449;23.796;38.153;29.180;8.973;;;;


"RTL.de";34.969.117;31.828.734;91 %;3.140.383;34.668.514;31.578.592;3.089.922;300.603;250.142;50.461;;;;



"RTLregional.de";118.752;108.116;91 %;10.636;118.752;108.116;10.636;;;;;;;

"rtv";1.108.777;1.006.107;91 %;102.670;672.292;583.225;89.067;436.485;422.882;13.603;;;;




"RUND-UMS-BABY";11.529.554;9.874.678;86 %;1.654.876;4.919.026;4.150.220;768.806;6.610.528;5.724.458;886.070;;;;


"runnersworld.de";1.481.084;1.230.984;83 %;250.100;762.496;620.774;141.722;718.588;610.210;108.378;;;;


"RWTextilservice";8.219;6.413;78 %;1.806;8.219;6.413;1.806;;;;;;;

"SanitärJournal";22.552;20.451;91 %;2.101;22.552;20.451;2.101;;;;;;;

"sat.1 online";6.150.265;5.854.861;95 %;295.404;5.494.381;5.230.149;264.232;655.884;624.712;31.172;;;;





"sbroker";588.988;562.438;95 %;26.550;588.988;562.438;26.550;;;;;;;

"SBZ";100.191;89.204;89 %;10.987;67.540;59.287;8.253;32.651;29.917;2.734;;;;


"SBZ Monteur";87.910;78.143;89 %;9.767;58.166;50.799;7.367;29.744;27.344;2.400;;;;


"Schaumburger-Zeitung.de/Schaumburg-Lippische Landes-Zeitung";268.624;255.436;95 %;13.188;268.624;255.436;13.188;;;;;;;

"Schneehoehen.de";1.179.470;1.042.449;88 %;137.021;1.179.470;1.042.449;137.021;;;;;;;

"schoener-wohnen.de";2.032.470;1.733.881;85 %;298.589;1.287.636;1.094.680;192.956;744.834;639.201;105.633;;;;


"Schwäbische Post";748.305;702.687;94 %;45.618;748.305;702.687;45.618;;;;;;;

"Schwäbische Zeitung Online";4.143.115;3.907.143;94 %;235.972;2.031.193;1.888.138;143.055;2.111.922;2.019.005;92.917;;;;


"Schwäbisches Tagblatt Online";846.781;793.042;94 %;53.739;846.781;793.042;53.739;;;;;;;

"schwarzwaelder-bote.de (SWOL)";3.242.386;3.071.101;95 %;171.285;1.401.199;1.297.163;104.036;1.841.187;1.773.938;67.249;;;;




"scinexx";594.878;501.770;84 %;93.108;244.430;199.392;45.038;350.448;302.378;48.070;;;;


"SCOPE";139.586;115.176;83 %;24.410;139.586;115.176;24.410;;;;;;;

"Secret Escapes";2.355.035;1.978.246;84 %;376.789;2.355.035;1.978.246;376.789;;;;;;;

"Security-Insider";196.036;142.657;73 %;53.379;196.036;142.657;53.379;;;;;;;

"Sedo ";;;;;;;;;;;;;;

"Sekretaria";245.213;208.262;85 %;36.951;245.213;208.262;36.951;;;;;;;

"selbermachen";370.581;315.792;85 %;54.789;370.581;315.792;54.789;;;;;;;

"Selbst.de";2.038.364;1.760.786;86 %;277.578;1.154.905;993.341;161.564;883.459;767.445;116.014;;;;


"Serienjunkies.de";2.035.178;1.674.369;82 %;360.809;2.035.178;1.674.369;360.809;;;;;;;

"Shazam App";24.158.832;23.591.252;98 %;567.580;;;;24.158.832;23.591.252;567.580;;;;


"shop-apotheke.com";3.507.351;3.254.742;93 %;252.609;3.507.351;3.254.742;252.609;;;;;;;

"shz.de";5.520.046;5.199.273;94 %;320.773;2.377.846;2.175.036;202.810;3.142.200;3.024.237;117.963;;;;


"Si - Fachportal für SHK-Unternehmer";28.101;25.551;91 %;2.550;28.101;25.551;2.550;;;;;;;

"Sicherheit.info";30.143;24.554;81 %;5.589;30.143;24.554;5.589;;;;;;;

"sicht+sonnenschutz";5.203;4.089;79 %;1.114;5.203;4.089;1.114;;;;;;;

"Siegener Zeitung online";279.407;267.955;96 %;11.452;279.407;267.955;11.452;;;;;;;

"sixx";6.375.080;6.055.727;95 %;319.353;6.275.757;5.960.541;315.216;99.323;95.186;4.137;;;;



"skysport.de";6.324.717;5.713.273;90 %;611.444;6.324.717;5.713.273;611.444;;;;;;;

"Smarterworld";45.906;34.821;76 %;11.085;45.906;34.821;11.085;;;;;;;

"SmartTV ANTENNE BAYERN";9.558;8.957;94 %;601;;;;;;;9.558;8.957;601;

"SmartTV Rock ANTENNE";13.206;11.040;84 %;2.166;;;;;;;13.206;11.040;2.166;

"SOHOMEN.de";721.364;695.615;96 %;25.749;721.364;695.615;25.749;;;;;;;

"SOL.DE / Saarbrücker Zeitung";2.743.851;2.524.418;92 %;219.433;1.662.408;1.501.050;161.358;1.081.443;1.023.368;58.075;;;;



"solinger-tageblatt.de";549.149;526.397;96 %;22.752;310.680;294.851;15.829;238.469;231.546;6.923;;;;


"Songtexte.com";12.740.496;9.635.319;76 %;3.105.177;12.740.496;9.635.319;3.105.177;;;;;;;

"Southpark.de";1.258.141;1.116.529;89 %;141.612;650.148;541.801;108.347;607.993;574.728;33.265;;;;




"Speedweek.com";713.879;470.024;66 %;243.855;713.879;470.024;243.855;;;;;;;

"SPIEGEL ONLINE";247.946.573;211.147.674;85 %;36.798.899;97.785.943;80.854.037;16.931.906;150.160.630;130.293.637;19.866.993;;;;




"SpielAffe";2.421.743;2.116.118;87 %;305.625;1.862.574;1.610.200;252.374;559.169;505.918;53.251;;;;


"spielen.de";577.499;483.199;84 %;94.300;577.499;483.199;94.300;;;;;;;

"spieletipps";8.212.163;7.104.070;87 %;1.108.093;2.465.858;2.093.198;372.660;5.746.305;5.010.872;735.433;;;;


"Spielfilm.de";131.660;104.633;79 %;27.027;131.660;104.633;27.027;;;;;;;

"Sport Auto";40.106;31.194;78 %;8.912;;;;40.106;31.194;8.912;;;;


"SPORT1";79.039.412;71.396.988;90 %;7.642.424;15.491.739;13.538.650;1.953.089;63.547.673;57.858.338;5.689.335;;;;













"sportal.de";582.463;521.966;90 %;60.497;582.463;521.966;60.497;;;;;;;

"Sportbuzzer";3.528.397;3.365.434;95 %;162.963;1.009.914;942.284;67.630;2.518.483;2.423.150;95.333;;;;


"Sportdeutschland.tv";3.099.510;2.968.873;96 %;130.637;3.099.510;2.968.873;130.637;;;;;;;

"Sportplatz Media Portalnetzwerk";3.596.283;3.459.390;96 %;136.893;2.024.604;1.926.243;98.361;1.571.679;1.533.147;38.532;;;;




"sportsupreme";1.108.084;1.097.511;99 %;10.573;1.108.084;1.097.511;10.573;;;;;;;

"sporttotal.tv";23.254;21.023;90 %;2.231;14.655;13.116;1.539;8.599;7.907;692;;;;


"SPOX.com";18.947.612;15.166.826;80 %;3.780.786;12.499.441;9.314.164;3.185.277;6.448.171;5.852.662;595.509;;;;



"Spreeradio.de";85.796;77.485;90 %;8.311;54.898;48.835;6.063;30.898;28.650;2.248;;;;


"Springer Medizin";555.550;468.087;84 %;87.463;555.550;468.087;87.463;;;;;;;

"Springer Pflege";25.336;21.201;84 %;4.135;25.336;21.201;4.135;;;;;;;

"Springer Professional";418.292;276.253;66 %;142.039;418.292;276.253;142.039;;;;;;;

"sprit +";19.258;16.562;86 %;2.696;19.258;16.562;2.696;;;;;;;

"St-Georg.de";434.938;379.825;87 %;55.113;434.938;379.825;55.113;;;;;;;

"Stadionwelt";1.303.406;1.209.499;93 %;93.907;1.303.406;1.209.499;93.907;;;;;;;

"STAR FM 87.9 MAXIMUM ROCK!";130.709;116.595;89 %;14.114;130.709;116.595;14.114;;;;;;;

"StepStone";17.678.045;15.961.062;90 %;1.716.983;9.391.822;8.065.617;1.326.205;8.286.223;7.895.445;390.778;;;;




"stern.de";62.925.974;55.894.132;89 %;7.031.842;20.597.593;17.425.080;3.172.513;42.328.381;38.469.052;3.859.329;;;;




"stil & markt";3.589;3.075;86 %;514;3.589;3.075;514;;;;;;;

"Storage-Insider";86.899;51.820;60 %;35.079;86.899;51.820;35.079;;;;;;;

"studieren.de";285.081;247.607;87 %;37.474;276.727;240.116;36.611;8.354;7.491;863;;;;





"Stuttgarter Zeitung online & Stuttgarter Nachrichten online";11.656.049;10.744.505;92 %;911.544;4.902.338;4.416.141;486.197;6.753.711;6.328.364;425.347;;;;






"Stylebook";4.666.270;4.115.462;88 %;550.808;2.197.255;1.901.066;296.189;2.469.015;2.214.396;254.619;;;;


"stylight.de";4.261.951;3.969.077;93 %;292.874;4.160.972;3.888.857;272.115;100.979;80.220;20.759;;;;



"Süddeutsche.de";64.360.347;55.593.330;86 %;8.767.017;28.926.180;24.335.904;4.590.276;35.434.167;31.257.426;4.176.741;;;;




"suedkurier.de";3.276.053;2.955.602;90 %;320.451;1.794.158;1.592.157;202.001;1.481.895;1.363.445;118.450;;;;




"suedost-news.de";174.308;149.909;86 %;24.399;174.308;149.909;24.399;;;;;;;

"Südwest Presse Online";4.123.576;3.870.697;94 %;252.879;1.942.392;1.788.199;154.193;2.181.184;2.082.498;98.686;;;;


"SUPERillu ONLINE";269.951;249.355;92 %;20.596;183.236;168.782;14.454;86.715;80.573;6.142;;;;


"SUPERRTL.de";180.352;144.740;80 %;35.612;180.352;144.740;35.612;;;;;;;

"surf-magazin.de";65.419;47.172;72 %;18.247;65.419;47.172;18.247;;;;;;;

"SZ-Online";5.011.491;4.770.443;95 %;241.048;2.266.753;2.131.353;135.400;2.744.738;2.639.090;105.648;;;;


"T-Online Contentangebot";356.812.467;342.817.412;96 %;13.995.055;198.817.653;190.991.864;7.825.789;157.994.814;151.825.548;6.169.266;;;;










"t3n Magazin - Digital Pioneers";4.124.458;3.599.297;87 %;525.161;2.169.388;1.867.521;301.867;1.955.070;1.731.776;223.294;;;;


"TAG24";16.632.813;16.081.315;97 %;551.498;16.632.813;16.081.315;551.498;;;;;;;

"Tagesspiegel.de";15.169.500;13.491.797;89 %;1.677.703;9.441.658;8.319.450;1.122.208;5.727.842;5.172.347;555.495;;;;




"tastecrunch.com";581.457;575.763;99 %;5.694;581.457;575.763;5.694;;;;;;;

"taz.de";4.969.488;4.114.546;83 %;854.942;2.784.891;2.188.107;596.784;2.184.597;1.926.439;258.158;;;;


"Techbook";4.737.477;4.317.863;91 %;419.614;1.384.080;1.229.449;154.631;3.353.397;3.088.414;264.983;;;;


"technik-einkauf.de";68.090;56.630;83 %;11.460;68.090;56.630;11.460;;;;;;;

"Tele5.de";341.959;304.788;89 %;37.171;341.959;304.788;37.171;;;;;;;

"telecom-handel.de";156.310;145.988;93 %;10.322;156.310;145.988;10.322;;;;;;;

"teltarif.de -Kommunikation ganz einfach";2.882.619;2.649.464;92 %;233.155;1.984.197;1.835.239;148.958;898.422;814.225;84.197;;;;


"Testberichte.de";5.795.350;4.951.430;85 %;843.920;3.768.512;3.194.280;574.232;2.026.838;1.757.150;269.688;;;;


"Testsieger.de";676.822;569.002;84 %;107.820;676.822;569.002;107.820;;;;;;;

"TextilWirtschaft.de";1.018.507;851.499;84 %;167.008;836.017;692.424;143.593;182.490;159.075;23.415;;;;




"TGA Fachplaner";49.698;42.490;85 %;7.208;40.254;34.350;5.904;9.444;8.140;1.304;;;;


"The Weather Channel";13.553.470;11.295.308;83 %;2.258.162;1.882.766;1.661.590;221.176;11.670.704;9.633.718;2.036.986;;;;




"Tichys Einblick";2.636.104;2.365.237;90 %;270.867;2.636.104;2.365.237;270.867;;;;;;;

"TLCde";446.753;364.926;82 %;81.827;228.671;188.007;40.664;218.082;176.919;41.163;;;;


"TOGGO.de (Super RTL)";2.987.047;2.411.033;81 %;576.014;1.934.318;1.539.015;395.303;1.052.729;872.018;180.711;;;;



"top agrar online";2.867.698;2.135.349;74 %;732.349;2.867.698;2.135.349;732.349;;;;;;;

"Top10 Berlin";502.910;442.239;88 %;60.671;162.408;133.281;29.127;340.502;308.958;31.544;;;;


"TORfabrik.de";777.374;722.174;93 %;55.200;777.374;722.174;55.200;;;;;;;

"torgauerzeitung.com";36.324;34.453;95 %;1.871;36.324;34.453;1.871;;;;;;;

"tour-magazin.de";526.616;421.196;80 %;105.420;526.616;421.196;105.420;;;;;;;

"Traktorpool - Ihre Traktoren, Landtechnik und Landmaschinen Börse";3.759.124;2.174.910;58 %;1.584.214;3.759.124;2.174.910;1.584.214;;;;;;;

"Transfermarkt.de - Das Fußballportal";60.463.194;32.791.955;54 %;27.671.239;21.303.035;11.248.863;10.054.172;39.160.159;21.543.092;17.617.067;;;;




"Travelbook";4.679.224;4.004.319;86 %;674.905;1.779.754;1.486.707;293.047;2.899.470;2.517.612;381.858;;;;


"TravelTalk.de";123.194;115.432;94 %;7.762;117.047;109.753;7.294;6.147;5.679;468;;;;


"tri-mag.de";239.342;181.895;76 %;57.447;239.342;181.895;57.447;;;;;;;

"Trucker Online";31.493;24.957;79 %;6.536;31.493;24.957;6.536;;;;;;;

"TUIfly (TUIfly Vermarktungs GmbH)";1.682.499;1.428.857;85 %;253.642;1.682.499;1.428.857;253.642;;;;;;;

"TV DIGITAL";2.314.925;2.094.111;90 %;220.814;588.600;511.049;77.551;1.726.325;1.583.062;143.263;;;;




"TV Movie.de";21.704.954;20.183.466;93 %;1.521.488;8.391.372;7.613.666;777.706;13.313.582;12.569.800;743.782;;;;






"TV NOW";21.044.564;19.182.702;91 %;1.861.862;21.044.564;19.182.702;1.861.862;;;;;;;



"TV SPIELFILM.de";72.154.211;67.948.907;94 %;4.205.304;11.795.655;10.670.024;1.125.631;60.358.556;57.278.883;3.079.673;;;;








"TV14";104.101;97.423;94 %;6.678;104.101;97.423;6.678;;;;;;;

"TVdirekt Online";1.170.345;1.052.859;90 %;117.486;1.170.345;1.052.859;117.486;;;;;;;

"TVinfo HD";2.531.933;2.312.265;91 %;219.668;2.531.933;2.312.265;219.668;;;;;;;

"tvtv";1.178.034;1.089.944;93 %;88.090;925.900;854.945;70.955;252.134;234.999;17.135;;;;




"twitch.tv";360.539.845;53.887.566;15 %;306.652.279;36.447.963;32.677.464;3.770.499;324.091.882;21.210.102;302.881.780;;;;



"tz";20.061.161;18.479.396;92 %;1.581.765;13.050.408;12.049.935;1.000.473;7.010.753;6.429.461;581.292;;;;


"UCI-Kinowelt";1.674.899;1.646.633;98 %;28.266;1.674.899;1.646.633;28.266;;;;;;;

"UNICUM.de";745.561;687.098;92 %;58.463;745.561;687.098;58.463;;;;;;;

"Universal Music Network";826.701;667.084;81 %;159.617;345.903;254.356;91.547;480.798;412.728;68.070;;;;


"Unternehmer.de";111.980;94.295;84 %;17.685;111.980;94.295;17.685;;;;;;;

"upday";521.745.270;113.752.220;22 %;407.993.050;;;;521.745.270;113.752.220;407.993.050;;;;


"urbanlife";2.820.290;2.431.031;86 %;389.259;2.820.290;2.431.031;389.259;;;;;;;

"urbia - we are family!";13.904.207;12.318.048;89 %;1.586.159;3.182.784;2.799.358;383.426;10.721.423;9.518.690;1.202.733;;;;


"Urlaubsguru.de";7.053.159;6.675.531;95 %;377.628;7.053.159;6.675.531;377.628;;;;;;;

"Vaihinger Kreiszeitung";52.545;49.538;94 %;3.007;18.927;17.289;1.638;33.618;32.249;1.369;;;;


"vbb online";730.577;690.527;95 %;40.050;730.577;690.527;40.050;;;;;;;

"Verivox";5.028.835;4.687.830;93 %;341.005;5.028.835;4.687.830;341.005;;;;;;;

"VerkehrsmittelVergleich.de";675.479;645.248;96 %;30.231;675.479;645.248;30.231;;;;;;;

"Verkehrsrundschau Online";233.964;198.663;85 %;35.301;233.964;198.663;35.301;;;;;;;

"Versicherungsbote";137.085;128.520;94 %;8.565;137.085;128.520;8.565;;;;;;;

"VersicherungsJournal";436.277;404.543;93 %;31.734;346.577;318.744;27.833;89.700;85.799;3.901;;;;


"ViaMichelin.de";2.008.037;1.779.026;89 %;229.011;2.008.037;1.779.026;229.011;;;;;;;

"VICE Digital";12.820.703;12.519.659;98 %;301.044;5.286.759;4.993.641;293.118;7.533.944;7.526.018;7.926;;;;


"Videovalis";335.350;315.848;94 %;19.502;335.110;315.615;19.495;240;233;7;;;;



"Viewster";2.414.310;2.406.643;100 %;7.667;2.414.310;2.406.643;7.667;;;;;;;

"VIP.de";10.890.916;9.725.323;89 %;1.165.593;10.890.916;9.725.323;1.165.593;;;;;;;

"VIRTUALNIGHTS.COM";1.871.126;1.632.025;87 %;239.101;457.577;366.574;91.003;1.413.549;1.265.451;148.098;;;;




"Visions.de";266.545;227.787;85 %;38.758;266.545;227.787;38.758;;;;;;;

"visitBerlin.de";600.663;292.162;49 %;308.501;600.663;292.162;308.501;;;;;;;

"Vital";544.147;405.499;75 %;138.648;187.507;141.563;45.944;356.640;263.936;92.704;;;;


"Viva";411.688;384.402;93 %;27.286;160.995;146.662;14.333;250.693;237.740;12.953;;;;


"Vodafone.de";22.651.316;21.970.856;97 %;680.460;3.411.349;3.269.300;142.049;19.239.967;18.701.556;538.411;;;;


"VOGUE.de";2.009.960;1.503.698;75 %;506.262;1.678.205;1.257.458;420.747;331.755;246.240;85.515;;;;


"Volksfreund.de";1.690.515;1.534.106;91 %;156.409;965.228;854.806;110.422;725.287;679.300;45.987;;;;


"Volksstimme, Magdeburg";2.110.322;2.022.467;96 %;87.855;875.148;817.968;57.180;1.235.174;1.204.499;30.675;;;;


"VORSPRUNG";215.108;203.930;95 %;11.178;215.108;203.930;11.178;;;;;;;

"VOX";2.682.329;2.432.178;91 %;250.151;2.682.329;2.432.178;250.151;;;;;;;



"VRM Online (ehem. Rhein Main Presse)";4.292.568;3.882.659;90 %;409.909;2.190.478;1.913.445;277.033;2.102.090;1.969.214;132.876;;;;


"w&v-online";1.802.407;1.603.601;89 %;198.806;1.311.043;1.156.863;154.180;491.364;446.738;44.626;;;;


"WA-Online";5.394.037;5.199.258;96 %;194.779;2.604.715;2.482.238;122.477;2.789.322;2.717.020;72.302;;;;


"Wahre Tabelle";67.206;61.754;92 %;5.452;67.206;61.754;5.452;;;;;;;

"Waldeckische Landeszeitung";272.843;253.835;93 %;19.008;149.705;137.856;11.849;123.138;115.979;7.159;;;;


"Wallstreet-Online";6.920.274;5.588.607;81 %;1.331.667;6.920.274;5.588.607;1.331.667;;;;;;;

"WATCHBOX";3.056.885;2.687.572;88 %;369.313;2.098.019;1.860.297;237.722;958.866;827.275;131.591;;;;



"watchtime.net";396.873;298.013;75 %;98.860;396.873;298.013;98.860;;;;;;;

"WEB.DE ";;;;;;;;;;;;;;




"Webfail";5.184.311;4.073.560;79 %;1.110.751;5.184.311;4.073.560;1.110.751;;;;;;;

"Webmasterpro.de";114.494;95.523;83 %;18.971;114.494;95.523;18.971;;;;;;;

"weg.de";1.701.891;1.396.288;82 %;305.603;1.701.891;1.396.288;305.603;;;;;;;

"WeihnachtenInBerlin";26.071;22.659;87 %;3.412;26.071;22.659;3.412;;;;;;;

"WELLE NIEDERRHEIN";62.803;60.715;97 %;2.088;62.803;60.715;2.088;;;;;;;

"WELT";125.488.971;110.994.655;88 %;14.494.316;51.761.429;44.587.478;7.173.951;73.727.542;66.407.177;7.320.365;;;;






"weltfussball";2.367.097;674.558;28 %;1.692.539;2.367.097;674.558;1.692.539;;;;;;;

"wer weiss was";1.220.832;949.213;78 %;271.619;1.220.832;949.213;271.619;;;;;;;

"werbetechnik.de";8.493;1.413;17 %;7.080;8.493;1.413;7.080;;;;;;;

"Werkstatt-Betrieb.de";18.227;14.310;79 %;3.917;18.227;14.310;3.917;;;;;;;

"Werra-Rundschau";389.679;375.619;96 %;14.060;144.050;137.819;6.231;245.629;237.800;7.829;;;;


"WESER-KURIER Online";2.932.983;2.720.209;93 %;212.774;1.214.123;1.088.901;125.222;1.718.860;1.631.308;87.552;;;;


"Westdeutsche Zeitung";2.332.842;2.160.409;93 %;172.433;1.008.176;900.427;107.749;1.324.666;1.259.982;64.684;;;;


"Westfalen-Blatt";1.527.912;1.457.328;95 %;70.584;722.213;679.527;42.686;805.699;777.801;27.898;;;;


"westline";785.980;726.870;92 %;59.110;785.980;726.870;59.110;;;;;;;

"wetter-deutschland";230.949;211.439;92 %;19.510;43.183;36.235;6.948;187.766;175.204;12.562;;;;




"wetter.com";109.124.862;97.749.365;90 %;11.375.497;43.894.514;36.051.447;7.843.067;65.230.348;61.697.918;3.532.430;;;;




"Wetter.de";26.999.289;25.490.584;94 %;1.508.705;24.084.442;22.693.138;1.391.304;2.914.847;2.797.446;117.401;;;;



"wetter.net";769.125;661.130;86 %;107.995;769.125;661.130;107.995;;;;;;;

"Wetter24.de";1.403.064;1.244.101;89 %;158.963;1.403.064;1.244.101;158.963;;;;;;;

"Wetterauer Zeitung";359.352;328.197;91 %;31.155;359.352;328.197;31.155;;;;;;;

"WetterOnline";191.449.286;131.790.638;69 %;59.658.648;40.522.536;34.950.861;5.571.675;150.926.750;96.839.777;54.086.973;;;;





"Wilhelmshavener Zeitung - WZONLINE.DE";305.377;283.949;93 %;21.428;134.166;118.397;15.769;171.211;165.552;5.659;;;;


"WindowsPro";346.626;289.582;84 %;57.044;346.626;289.582;57.044;;;;;;;

"WinFuture.de";4.099.333;3.507.747;86 %;591.586;2.433.287;2.043.496;389.791;1.666.046;1.464.251;201.795;;;;


"Wir Trauern";111.311;105.615;95 %;5.696;111.311;105.615;5.696;;;;;;;

"WirtschaftsWoche";5.010.219;4.210.015;84 %;800.204;2.873.576;2.382.978;490.598;2.136.643;1.827.037;309.606;;;;


"wissen.de";2.714.835;2.156.084;79 %;558.751;2.714.835;2.156.084;558.751;;;;;;;

"wissenschaft.de";287.944;237.067;82 %;50.877;287.944;237.067;50.877;;;;;;;

"wize.life";7.128.942;6.757.483;95 %;371.459;2.259.602;2.120.643;138.959;4.869.340;4.636.840;232.500;;;;


"WNP - digital-signage-magazin.de";572;206;36 %;366;572;206;366;;;;;;;

"WNP - sip-online.de";774;337;44 %;437;774;337;437;;;;;;;

"WO - wochenspiegelonline.de";151.016;143.254;95 %;7.762;88.867;83.361;5.506;62.149;59.893;2.256;;;;


"Wochenblatt.de";1.516.812;1.443.041;95 %;73.771;1.516.812;1.443.041;73.771;;;;;;;

"WomensHealth.de";7.102.688;6.087.180;86 %;1.015.508;2.260.743;1.901.329;359.414;4.841.945;4.185.851;656.094;;;;




"WUNDERWEIB";36.554.026;32.644.829;89 %;3.909.197;17.908.457;16.330.152;1.578.305;18.645.569;16.314.677;2.330.892;;;;




"XING";54.736.609;47.082.879;86 %;7.653.730;27.515.459;23.401.771;4.113.688;27.221.150;23.681.108;3.540.042;;;;



"Yacht";571.099;448.693;79 %;122.406;571.099;448.693;122.406;;;;;;;

"Zattoo";4.552.199;4.546.359;100 %;5.840;2.560.257;2.558.160;2.097;1.991.942;1.988.199;3.743;;;;




"ZEIT ONLINE";73.114.730;61.475.138;84 %;11.639.592;33.749.003;27.627.309;6.121.694;39.365.727;33.847.829;5.517.898;;;;




"Zeitungsgruppe Münster/Westfälische Nachrichten";4.158.301;3.947.703;95 %;210.598;1.711.709;1.592.269;119.440;2.446.592;2.355.434;91.158;;;;









"Zeitungsgruppe Zentralhessen";1.010.967;894.721;89 %;116.246;443.646;356.154;87.492;567.321;538.567;28.754;;;;


"Zeitungsverlag Schwerin GmbH & Co. KG";2.404.200;2.280.718;95 %;123.482;888.732;806.374;82.358;1.515.468;1.474.344;41.124;;;;


"zm-online.de";158.483;143.124;90 %;15.359;158.483;143.124;15.359;;;;;;;

"zuhause wohnen";88.912;78.063;88 %;10.849;49.533;43.217;6.316;39.379;34.846;4.533;;;;


"zvw.de";1.098.101;1.053.620;96 %;44.481;601.560;574.947;26.613;496.541;478.673;17.868;;;;


